,No Other Info Data,No ShareHolder Data,No General Data,No Address Data,No Officers Data,No Listings Data,No Shares Outstanding Data,No Insider Transaction Data,No Earning Data,No Financial Data
AAB,AAB,AAB,,,,,,,,
AAV,AAV,AAV,,,,,,,,
ABST,ABST,ABST,,,,,,,,
ABTC,ABTC,ABTC,ABTC,ABTC,ABTC,ABTC,ABTC,ABTC,ABTC,ABTC
ABX,ABX,ABX,,,,,,,,
AC,AC,AC,,,,,,,,
ACAA,ACAA,ACAA,,,,,,,,
ACB,ACB,ACB,,,,,,,,
ACD,ACD,ACD,,,,,,,,
ACO-X,ACO-X,ACO-X,,,,,,,,
ACQ,ACQ,ACQ,,,,,,,,
ACZ,ACZ,ACZ,ACZ,ACZ,ACZ,ACZ,ACZ,ACZ,ACZ,ACZ
AD-UN,AD-UN,AD-UN,,,,,,,,
ADCO,ADCO,ADCO,,,,,,,,
ADEN,ADEN,ADEN,,,,,,,,
ADN,ADN,ADN,,,,,,,,
ADW-A,ADW-A,ADW-A,,,,,,,,
ADW-B,ADW-B,ADW-B,,,,,,,,
AEG,AEG,AEG,,,,,,,,
AEM,AEM,AEM,,,,,,,,
AEZS,AEZS,AEZS,,,,,,,,
AFN,AFN,AFN,,,,,,,,
AGF-B,AGF-B,AGF-B,,,,,,,,
AGI,AGI,AGI,,,,,,,,
AGR-UN,AGR-UN,AGR-UN,AGR-UN,AGR-UN,AGR-UN,AGR-UN,AGR-UN,AGR-UN,AGR-UN,AGR-UN
AGRI-RT-U,AGRI-RT-U,AGRI-RT-U,,,,,,,,
AH,AH,AH,,,,,,,,
AI,AI,AI,,,,,,,,
AIF,AIF,AIF,,,,,,,,
AII,AII,AII,,,,,,,,
AIM,AIM,AIM,,,,,,,,
AIM-PA,AIM-PA,AIM-PA,,,,,,,,
AIM-PC,AIM-PC,AIM-PC,,,,,,,,
AKE,AKE,AKE,,,,,,,,
AKT-A,AKT-A,AKT-A,,,,,,,,
AKU,AKU,AKU,,,,,,,,
ALA,ALA,ALA,,,,,,,,
ALA-PA,ALA-PA,ALA-PA,,,,,,,,
ALA-PB,ALA-PB,ALA-PB,,,,,,,,
ALA-PE,ALA-PE,ALA-PE,,,,,,,,
ALA-PG,ALA-PG,ALA-PG,,,,,,,,
ALA-PH,ALA-PH,ALA-PH,,,,,,,,
ALC,ALC,ALC,,,,,,,,
ALS,ALS,ALS,,,,,,,,
ALYA,ALYA,ALYA,,,,,,,,
AMC,AMC,AMC,,,,,,,,
AMM,AMM,AMM,,,,,,,,
AND,AND,AND,,,,,,,,
ANRG,ANRG,ANRG,,,,,,,,
AOI,AOI,AOI,,,,,,,,
AOT,AOT,AOT,,,,,,,,
AP-UN,AP-UN,AP-UN,,,,,,,,
APLI,APLI,APLI,,,,,,,,
APR-UN,APR-UN,APR-UN,,,,,,,,
APS,APS,APS,,,,,,,,
APY,APY,APY,,,,,,,,
AQN,AQN,AQN,,,,,,,,
AQN-PA,AQN-PA,AQN-PA,,,,,,,,
AQN-PD,AQN-PD,AQN-PD,,,,,,,,
AR,AR,AR,,,,,,,,
ARB,ARB,ARB,ARB,ARB,ARB,ARB,ARB,ARB,ARB,ARB
ARE,ARE,ARE,,,,,,,,
ARG,ARG,ARG,,,,,,,,
ARIS,ARIS,ARIS,,,,,,,,
ARKG,ARKG,ARKG,,,,,,,,
ARKK,ARKK,ARKK,,,,,,,,
ARKW,ARKW,ARKW,,,,,,,,
ARX,ARX,ARX,,,,,,,,
ASCU,ASCU,ASCU,,,,,,,,
ASM,ASM,ASM,,,,,,,,
ASND,ASND,ASND,,,,,,,,
ASP,ASP,ASP,,,,,,,,
ASTL,ASTL,ASTL,,,,,,,,
AT,AT,AT,,,,,,,,
ATA,ATA,ATA,,,,,,,,
ATD,ATD,ATD,,,,,,,,
ATE,ATE,ATE,,,,,,,,
ATH,ATH,ATH,,,,,,,,
ATS,ATS,ATS,,,,,,,,
ATSX,ATSX,ATSX,,,,,,,,
ATZ,ATZ,ATZ,,,,,,,,
AUGB-F,AUGB-F,AUGB-F,AUGB-F,AUGB-F,AUGB-F,AUGB-F,AUGB-F,AUGB-F,AUGB-F,AUGB-F
AUMN,AUMN,AUMN,,,,,,,,
AVCN,AVCN,AVCN,,,,,,,,
AVL,AVL,AVL,,,,,,,,
AVNT,AVNT,AVNT,,,,,,,,
AW-UN,AW-UN,AW-UN,AW-UN,AW-UN,AW-UN,AW-UN,AW-UN,AW-UN,AW-UN,AW-UN
AX-PE,AX-PE,AX-PE,,,,,,,,
AX-PI,AX-PI,AX-PI,,,,,,,,
AX-UN,AX-UN,AX-UN,,,,,,,,
AXIS,AXIS,AXIS,,,,,,,,
AYA,AYA,AYA,,,,,,,,
AYM,AYM,AYM,,,,,,,,
BABY,BABY,BABY,,,,,,,,
BAM,BAM,BAM,,,,,,,,
BAM-A,BAM-A,BAM-A,,,,,,,,
BAM-PC,BAM-PC,BAM-PC,,,,,,,,
BAM-PE,BAM-PE,BAM-PE,,,,,,,,
BAM-PFB,BAM-PFB,BAM-PFB,,,,,,,,
BAM-PFC,BAM-PFC,BAM-PFC,,,,,,,,
BAM-PFD,BAM-PFD,BAM-PFD,,,,,,,,
BAM-PFE,BAM-PFE,BAM-PFE,,,,,,,,
BAM-PFF,BAM-PFF,BAM-PFF,,,,,,,,
BAM-PFH,BAM-PFH,BAM-PFH,,,,,,,,
BAM-PFI,BAM-PFI,BAM-PFI,,,,,,,,
BAM-PFJ,BAM-PFJ,BAM-PFJ,,,,,,,,
BAM-PG,BAM-PG,BAM-PG,,,,,,,,
BAM-PM,BAM-PM,BAM-PM,,,,,,,,
BAM-PN,BAM-PN,BAM-PN,,,,,,,,
BAM-PR,BAM-PR,BAM-PR,,,,,,,,
BAM-PT,BAM-PT,BAM-PT,,,,,,,,
BAM-PX,BAM-PX,BAM-PX,,,,,,,,
BAM-PZ,BAM-PZ,BAM-PZ,,,,,,,,
BAMR,BAMR,BAMR,,,,,,,,
BANK,BANK,BANK,BANK,BANK,BANK,BANK,BANK,BANK,BANK,BANK
BASE,BASE,BASE,BASE,BASE,BASE,BASE,BASE,BASE,BASE,BASE
BASE-B,BASE-B,BASE-B,BASE-B,BASE-B,BASE-B,BASE-B,BASE-B,BASE-B,BASE-B,BASE-B
BB,BB,BB,,,,,,,,
BBD-A,BBD-A,BBD-A,,,,,,,,
BBD-B,BBD-B,BBD-B,,,,,,,,
BBD-PB,BBD-PB,BBD-PB,,,,,,,,
BBD-PC,BBD-PC,BBD-PC,,,,,,,,
BBD-PD,BBD-PD,BBD-PD,,,,,,,,
BBIG,BBIG,BBIG,BBIG,BBIG,BBIG,BBIG,BBIG,BBIG,BBIG,BBIG
BBTV,BBTV,BBTV,,,,,,,,
BBU-UN,BBU-UN,BBU-UN,,,,,,,,
BBUC,BBUC,BBUC,,,,,,,,
BCE,BCE,BCE,,,,,,,,
BCE-PA,BCE-PA,BCE-PA,,,,,,,,
BCE-PB,BCE-PB,BCE-PB,,,,,,,,
BCE-PC,BCE-PC,BCE-PC,,,,,,,,
BCE-PD,BCE-PD,BCE-PD,,,,,,,,
BCE-PE,BCE-PE,BCE-PE,,,,,,,,
BCE-PF,BCE-PF,BCE-PF,,,,,,,,
BCE-PG,BCE-PG,BCE-PG,,,,,,,,
BCE-PH,BCE-PH,BCE-PH,,,,,,,,
BCE-PI,BCE-PI,BCE-PI,,,,,,,,
BCE-PJ,BCE-PJ,BCE-PJ,,,,,,,,
BCE-PK,BCE-PK,BCE-PK,,,,,,,,
BCE-PL,BCE-PL,BCE-PL,,,,,,,,
BCE-PM,BCE-PM,BCE-PM,,,,,,,,
BCE-PN,BCE-PN,BCE-PN,,,,,,,,
BCE-PQ,BCE-PQ,BCE-PQ,,,,,,,,
BCE-PR,BCE-PR,BCE-PR,,,,,,,,
BCE-PS,BCE-PS,BCE-PS,,,,,,,,
BCE-PT,BCE-PT,BCE-PT,,,,,,,,
BCE-PY,BCE-PY,BCE-PY,,,,,,,,
BCE-PZ,BCE-PZ,BCE-PZ,,,,,,,,
BCT,BCT,BCT,,,,,,,,
BDEQ,BDEQ,BDEQ,BDEQ,BDEQ,BDEQ,BDEQ,BDEQ,BDEQ,BDEQ,BDEQ
BDGI,BDGI,BDGI,,,,,,,,
BDI,BDI,BDI,,,,,,,,
BDIC,BDIC,BDIC,BDIC,BDIC,BDIC,BDIC,BDIC,BDIC,BDIC,BDIC
BDIV,BDIV,BDIV,BDIV,BDIV,BDIV,BDIV,BDIV,BDIV,BDIV,BDIV
BDOP,BDOP,BDOP,BDOP,BDOP,BDOP,BDOP,BDOP,BDOP,BDOP,BDOP
BDT,BDT,BDT,,,,,,,,
BEI-UN,BEI-UN,BEI-UN,,,,,,,,
BEP-PG,BEP-PG,BEP-PG,,,,,,,,
BEP-PM,BEP-PM,BEP-PM,,,,,,,,
BEP-PO,BEP-PO,BEP-PO,,,,,,,,
BEP-PR,BEP-PR,BEP-PR,,,,,,,,
BEP-UN,BEP-UN,BEP-UN,,,,,,,,
BEPC,BEPC,BEPC,,,,,,,,
BEPR,BEPR,BEPR,BEPR,BEPR,BEPR,BEPR,BEPR,BEPR,BEPR,BEPR
BESG,BESG,BESG,BESG,BESG,BESG,BESG,BESG,BESG,BESG,BESG
BFIN,BFIN,BFIN,BFIN,BFIN,BFIN,BFIN,BFIN,BFIN,BFIN,BFIN
BGC,BGC,BGC,,,,,,,,
BGI-UN,BGI-UN,BGI-UN,BGI-UN,BGI-UN,BGI-UN,BGI-UN,BGI-UN,BGI-UN,BGI-UN,BGI-UN
BGU,BGU,BGU,BGU,BGU,BGU,BGU,BGU,BGU,BGU,BGU
BGU-U,BGU-U,BGU-U,BGU-U,BGU-U,BGU-U,BGU-U,BGU-U,BGU-U,BGU-U,BGU-U
BHC,BHC,BHC,,,,,,,,
BIK-PA,BIK-PA,BIK-PA,,,,,,,,
BILT,BILT,BILT,,,,,,,,
BIP-PA,BIP-PA,BIP-PA,,,,,,,,
BIP-PB,BIP-PB,BIP-PB,,,,,,,,
BIP-PE,BIP-PE,BIP-PE,,,,,,,,
BIP-PF,BIP-PF,BIP-PF,,,,,,,,
BIP-UN,BIP-UN,BIP-UN,,,,,,,,
BIPC,BIPC,BIPC,,,,,,,,
BIR,BIR,BIR,,,,,,,,
BITC,BITC,BITC,BITC,BITC,BITC,BITC,BITC,BITC,BITC,BITC
BITC-U,BITC-U,BITC-U,BITC-U,BITC-U,BITC-U,BITC-U,BITC-U,BITC-U,BITC-U,BITC-U
BITF,BITF,BITF,,,,,,,,
BITI,BITI,BITI,BITI,BITI,BITI,BITI,BITI,BITI,BITI,BITI
BK,BK,BK,,,,,,,,
BK-PA,BK-PA,BK-PA,,,,,,,,
BKCC,BKCC,BKCC,BKCC,BKCC,BKCC,BKCC,BKCC,BKCC,BKCC,BKCC
BKI,BKI,BKI,,,,,,,,
BKL-F,BKL-F,BKL-F,BKL-F,BKL-F,BKL-F,BKL-F,BKL-F,BKL-F,BKL-F,BKL-F
BLB-UN,BLB-UN,BLB-UN,BLB-UN,BLB-UN,BLB-UN,BLB-UN,BLB-UN,BLB-UN,BLB-UN,BLB-UN
BLCK,BLCK,BLCK,BLCK,BLCK,BLCK,BLCK,BLCK,BLCK,BLCK,BLCK
BLCO,BLCO,BLCO,,,,,,,,
BLDP,BLDP,BLDP,,,,,,,,
BLDR,BLDR,BLDR,BLDR,BLDR,BLDR,BLDR,BLDR,BLDR,BLDR,BLDR
BLN,BLN,BLN,,,,,,,,
BLOV,BLOV,BLOV,BLOV,BLOV,BLOV,BLOV,BLOV,BLOV,BLOV,BLOV
BLU,BLU,BLU,,,,,,,,
BLX,BLX,BLX,,,,,,,,
BMAX,BMAX,BMAX,BMAX,BMAX,BMAX,BMAX,BMAX,BMAX,BMAX,BMAX
BMO,BMO,BMO,,,,,,,,
BMO-PE,BMO-PE,BMO-PE,,,,,,,,
BMO-PF,BMO-PF,BMO-PF,,,,,,,,
BMO-PS,BMO-PS,BMO-PS,,,,,,,,
BMO-PT,BMO-PT,BMO-PT,,,,,,,,
BMO-PW,BMO-PW,BMO-PW,,,,,,,,
BMO-PY,BMO-PY,BMO-PY,,,,,,,,
BN,BN,BN,,,,,,,,
BN-PB,BN-PB,BN-PB,,,,,,,,
BN-PK,BN-PK,BN-PK,,,,,,,,
BND,BND,BND,BND,BND,BND,BND,BND,BND,BND,BND
BNE,BNE,BNE,,,,,,,,
BNG,BNG,BNG,,,,,,,,
BNK-PA,BNK-PA,BNK-PA,,,,,,,,
BNRE,BNRE,BNRE,,,,,,,,
BNS,BNS,BNS,,,,,,,,
BNS-PI,BNS-PI,BNS-PI,,,,,,,,
BOS,BOS,BOS,,,,,,,,
BPF-UN,BPF-UN,BPF-UN,BPF-UN,BPF-UN,BPF-UN,BPF-UN,BPF-UN,BPF-UN,BPF-UN,BPF-UN
BPO-PA,BPO-PA,BPO-PA,,,,,,,,
BPO-PC,BPO-PC,BPO-PC,,,,,,,,
BPO-PE,BPO-PE,BPO-PE,,,,,,,,
BPO-PG,BPO-PG,BPO-PG,,,,,,,,
BPO-PI,BPO-PI,BPO-PI,,,,,,,,
BPO-PN,BPO-PN,BPO-PN,,,,,,,,
BPO-PP,BPO-PP,BPO-PP,,,,,,,,
BPO-PR,BPO-PR,BPO-PR,,,,,,,,
BPO-PT,BPO-PT,BPO-PT,,,,,,,,
BPO-PX,BPO-PX,BPO-PX,,,,,,,,
BPO-PY,BPO-PY,BPO-PY,,,,,,,,
BPRF,BPRF,BPRF,BPRF,BPRF,BPRF,BPRF,BPRF,BPRF,BPRF,BPRF
BPRF-U,BPRF-U,BPRF-U,BPRF-U,BPRF-U,BPRF-U,BPRF-U,BPRF-U,BPRF-U,BPRF-U,BPRF-U
BPS-PA,BPS-PA,BPS-PA,,,,,,,,
BPS-PB,BPS-PB,BPS-PB,,,,,,,,
BPS-PC,BPS-PC,BPS-PC,,,,,,,,
BPS-PU,BPS-PU,BPS-PU,,,,,,,,
BR,BR,BR,,,,,,,,
BRAG,BRAG,BRAG,,,,,,,,
BRE,BRE,BRE,,,,,,,,
BREA,BREA,BREA,BREA,BREA,BREA,BREA,BREA,BREA,BREA,BREA
BRF-PA,BRF-PA,BRF-PA,,,,,,,,
BRF-PB,BRF-PB,BRF-PB,,,,,,,,
BRF-PC,BRF-PC,BRF-PC,,,,,,,,
BRF-PE,BRF-PE,BRF-PE,,,,,,,,
BRF-PF,BRF-PF,BRF-PF,,,,,,,,
BRMI,BRMI,BRMI,,,,,,,,
BRY,BRY,BRY,,,,,,,,
BSO-UN,BSO-UN,BSO-UN,BSO-UN,BSO-UN,BSO-UN,BSO-UN,BSO-UN,BSO-UN,BSO-UN,BSO-UN
BSX,BSX,BSX,,,,,,,,
BTB-UN,BTB-UN,BTB-UN,,,,,,,,
BTCC,BTCC,BTCC,BTCC,BTCC,BTCC,BTCC,BTCC,BTCC,BTCC,BTCC
BTCC-B,BTCC-B,BTCC-B,BTCC-B,BTCC-B,BTCC-B,BTCC-B,BTCC-B,BTCC-B,BTCC-B,BTCC-B
BTCC-U,BTCC-U,BTCC-U,BTCC-U,BTCC-U,BTCC-U,BTCC-U,BTCC-U,BTCC-U,BTCC-U,BTCC-U
BTCQ,BTCQ,BTCQ,BTCQ,BTCQ,BTCQ,BTCQ,BTCQ,BTCQ,BTCQ,BTCQ
BTCX-B,BTCX-B,BTCX-B,BTCX-B,BTCX-B,BTCX-B,BTCX-B,BTCX-B,BTCX-B,BTCX-B,BTCX-B
BTCX-U,BTCX-U,BTCX-U,BTCX-U,BTCX-U,BTCX-U,BTCX-U,BTCX-U,BTCX-U,BTCX-U,BTCX-U
BTCY,BTCY,BTCY,BTCY,BTCY,BTCY,BTCY,BTCY,BTCY,BTCY,BTCY
BTCY-B,BTCY-B,BTCY-B,BTCY-B,BTCY-B,BTCY-B,BTCY-B,BTCY-B,BTCY-B,BTCY-B,BTCY-B
BTCY-U,BTCY-U,BTCY-U,BTCY-U,BTCY-U,BTCY-U,BTCY-U,BTCY-U,BTCY-U,BTCY-U,BTCY-U
BTE,BTE,BTE,,,,,,,,
BTO,BTO,BTO,,,,,,,,
BU,BU,BU,,,,,,,,
BUI,BUI,BUI,,,,,,,,
BXF,BXF,BXF,BXF,BXF,BXF,BXF,BXF,BXF,BXF,BXF
BYD,BYD,BYD,,,,,,,,
BYL,BYL,BYL,,,,,,,,
CACB,CACB,CACB,,,,,,,,
CAE,CAE,CAE,,,,,,,,
CAFR,CAFR,CAFR,CAFR,CAFR,CAFR,CAFR,CAFR,CAFR,CAFR,CAFR
CAGG,CAGG,CAGG,CAGG,CAGG,CAGG,CAGG,CAGG,CAGG,CAGG,CAGG
CAGS,CAGS,CAGS,CAGS,CAGS,CAGS,CAGS,CAGS,CAGS,CAGS,CAGS
CALL,CALL,CALL,,,,,,,,
CALL-B,CALL-B,CALL-B,CALL-B,CALL-B,CALL-B,CALL-B,CALL-B,CALL-B,CALL-B,CALL-B
CALL-U,CALL-U,CALL-U,CALL-U,CALL-U,CALL-U,CALL-U,CALL-U,CALL-U,CALL-U,CALL-U
CAR-UN,CAR-UN,CAR-UN,,,,,,,,
CARB,CARB,CARB,CARB,CARB,CARB,CARB,CARB,CARB,CARB,CARB
CARE,CARE,CARE,,,,,,,,
CARS,CARS,CARS,,,,,,,,
CARS-B,CARS-B,CARS-B,CARS-B,CARS-B,CARS-B,CARS-B,CARS-B,CARS-B,CARS-B,CARS-B
CAS,CAS,CAS,,,,,,,,
CASH,CASH,CASH,CASH,CASH,CASH,CASH,CASH,CASH,CASH,CASH
CBCX,CBCX,CBCX,CBCX,CBCX,CBCX,CBCX,CBCX,CBCX,CBCX,CBCX
CBD-U,CBD-U,CBD-U,,,,,,,,
CBH,CBH,CBH,CBH,CBH,CBH,CBH,CBH,CBH,CBH,CBH
CBND,CBND,CBND,CBND,CBND,CBND,CBND,CBND,CBND,CBND,CBND
CBNK,CBNK,CBNK,CBNK,CBNK,CBNK,CBNK,CBNK,CBNK,CBNK,CBNK
CBO,CBO,CBO,CBO,CBO,CBO,CBO,CBO,CBO,CBO,CBO
CBUG,CBUG,CBUG,CBUG,CBUG,CBUG,CBUG,CBUG,CBUG,CBUG,CBUG
CCA,CCA,CCA,,,,,,,,
CCBI,CCBI,CCBI,CCBI,CCBI,CCBI,CCBI,CCBI,CCBI,CCBI,CCBI
CCEI,CCEI,CCEI,CCEI,CCEI,CCEI,CCEI,CCEI,CCEI,CCEI,CCEI
CCL-B,CCL-B,CCL-B,,,,,,,,
CCM,CCM,CCM,,,,,,,,
CCNS,CCNS,CCNS,CCNS,CCNS,CCNS,CCNS,CCNS,CCNS,CCNS,CCNS
CCO,CCO,CCO,,,,,,,,
CCOM,CCOM,CCOM,CCOM,CCOM,CCOM,CCOM,CCOM,CCOM,CCOM,CCOM
CCOR,CCOR,CCOR,CCOR,CCOR,CCOR,CCOR,CCOR,CCOR,CCOR,CCOR
CCOR-B,CCOR-B,CCOR-B,CCOR-B,CCOR-B,CCOR-B,CCOR-B,CCOR-B,CCOR-B,CCOR-B,CCOR-B
CCOR-U,CCOR-U,CCOR-U,CCOR-U,CCOR-U,CCOR-U,CCOR-U,CCOR-U,CCOR-U,CCOR-U,CCOR-U
CCRE,CCRE,CCRE,CCRE,CCRE,CCRE,CCRE,CCRE,CCRE,CCRE,CCRE
CCS-PC,CCS-PC,CCS-PC,,,,,,,,
CDAY,CDAY,CDAY,,,,,,,,
CDEF,CDEF,CDEF,CDEF,CDEF,CDEF,CDEF,CDEF,CDEF,CDEF,CDEF
CDIV,CDIV,CDIV,CDIV,CDIV,CDIV,CDIV,CDIV,CDIV,CDIV,CDIV
CDLB,CDLB,CDLB,CDLB,CDLB,CDLB,CDLB,CDLB,CDLB,CDLB,CDLB
CDLB-B,CDLB-B,CDLB-B,CDLB-B,CDLB-B,CDLB-B,CDLB-B,CDLB-B,CDLB-B,CDLB-B,CDLB-B
CDLB-U,CDLB-U,CDLB-U,CDLB-U,CDLB-U,CDLB-U,CDLB-U,CDLB-U,CDLB-U,CDLB-U,CDLB-U
CDNA,CDNA,CDNA,CDNA,CDNA,CDNA,CDNA,CDNA,CDNA,CDNA,CDNA
CDR,CDR,CDR,,,,,,,,
CDZ,CDZ,CDZ,CDZ,CDZ,CDZ,CDZ,CDZ,CDZ,CDZ,CDZ
CEE,CEE,CEE,,,,,,,,
CEF,CEF,CEF,,,,,,,,
CEF-U,CEF-U,CEF-U,,,,,,,,
CEMI,CEMI,CEMI,CEMI,CEMI,CEMI,CEMI,CEMI,CEMI,CEMI,CEMI
CET,CET,CET,,,,,,,,
CEU,CEU,CEU,,,,,,,,
CEW,CEW,CEW,CEW,CEW,CEW,CEW,CEW,CEW,CEW,CEW
CF,CF,CF,,,,,,,,
CF-PA,CF-PA,CF-PA,,,,,,,,
CF-PC,CF-PC,CF-PC,,,,,,,,
CFF,CFF,CFF,,,,,,,,
CFLX,CFLX,CFLX,CFLX,CFLX,CFLX,CFLX,CFLX,CFLX,CFLX,CFLX
CFP,CFP,CFP,,,,,,,,
CFRT,CFRT,CFRT,CFRT,CFRT,CFRT,CFRT,CFRT,CFRT,CFRT,CFRT
CFW,CFW,CFW,,,,,,,,
CFX,CFX,CFX,,,,,,,,
CG,CG,CG,,,,,,,,
CGAA,CGAA,CGAA,CGAA,CGAA,CGAA,CGAA,CGAA,CGAA,CGAA,CGAA
CGBI,CGBI,CGBI,CGBI,CGBI,CGBI,CGBI,CGBI,CGBI,CGBI,CGBI
CGG,CGG,CGG,,,,,,,,
CGHY,CGHY,CGHY,,,,,,,,
CGI,CGI,CGI,,,,,,,,
CGI-PD,CGI-PD,CGI-PD,,,,,,,,
CGIN,CGIN,CGIN,CGIN,CGIN,CGIN,CGIN,CGIN,CGIN,CGIN,CGIN
CGL,CGL,CGL,CGL,CGL,CGL,CGL,CGL,CGL,CGL,CGL
CGL-C,CGL-C,CGL-C,CGL-C,CGL-C,CGL-C,CGL-C,CGL-C,CGL-C,CGL-C,CGL-C
CGLO,CGLO,CGLO,CGLO,CGLO,CGLO,CGLO,CGLO,CGLO,CGLO,CGLO
CGO,CGO,CGO,,,,,,,,
CGR,CGR,CGR,CGR,CGR,CGR,CGR,CGR,CGR,CGR,CGR
CGRA,CGRA,CGRA,CGRA,CGRA,CGRA,CGRA,CGRA,CGRA,CGRA,CGRA
CGRB,CGRB,CGRB,,,,,,,,
CGRE,CGRE,CGRE,CGRE,CGRE,CGRE,CGRE,CGRE,CGRE,CGRE,CGRE
CGRN,CGRN,CGRN,,,,,,,,
CGX,CGX,CGX,,,,,,,,
CGXF,CGXF,CGXF,CGXF,CGXF,CGXF,CGXF,CGXF,CGXF,CGXF,CGXF
CGY,CGY,CGY,,,,,,,,
CHB,CHB,CHB,CHB,CHB,CHB,CHB,CHB,CHB,CHB,CHB
CHE-UN,CHE-UN,CHE-UN,CHE-UN,CHE-UN,CHE-UN,CHE-UN,CHE-UN,CHE-UN,CHE-UN,CHE-UN
CHNA-B,CHNA-B,CHNA-B,CHNA-B,CHNA-B,CHNA-B,CHNA-B,CHNA-B,CHNA-B,CHNA-B,CHNA-B
CHP-UN,CHP-UN,CHP-UN,,,,,,,,
CHPS,CHPS,CHPS,CHPS,CHPS,CHPS,CHPS,CHPS,CHPS,CHPS,CHPS
CHR,CHR,CHR,,,,,,,,
CHW,CHW,CHW,,,,,,,,
CIA,CIA,CIA,,,,,,,,
CIBR,CIBR,CIBR,CIBR,CIBR,CIBR,CIBR,CIBR,CIBR,CIBR,CIBR
CIC,CIC,CIC,CIC,CIC,CIC,CIC,CIC,CIC,CIC,CIC
CIEI,CIEI,CIEI,CIEI,CIEI,CIEI,CIEI,CIEI,CIEI,CIEI,CIEI
CIEM,CIEM,CIEM,CIEM,CIEM,CIEM,CIEM,CIEM,CIEM,CIEM,CIEM
CIF,CIF,CIF,CIF,CIF,CIF,CIF,CIF,CIF,CIF,CIF
CIGI,CIGI,CIGI,,,,,,,,
CINC,CINC,CINC,CINC,CINC,CINC,CINC,CINC,CINC,CINC,CINC
CINC-B,CINC-B,CINC-B,CINC-B,CINC-B,CINC-B,CINC-B,CINC-B,CINC-B,CINC-B,CINC-B
CINC-U,CINC-U,CINC-U,CINC-U,CINC-U,CINC-U,CINC-U,CINC-U,CINC-U,CINC-U,CINC-U
CINF,CINF,CINF,CINF,CINF,CINF,CINF,CINF,CINF,CINF,CINF
CINT,CINT,CINT,CINT,CINT,CINT,CINT,CINT,CINT,CINT,CINT
CINV,CINV,CINV,CINV,CINV,CINV,CINV,CINV,CINV,CINV,CINV
CIQ-UN,CIQ-UN,CIQ-UN,CIQ-UN,CIQ-UN,CIQ-UN,CIQ-UN,CIQ-UN,CIQ-UN,CIQ-UN,CIQ-UN
CIU-PA,CIU-PA,CIU-PA,,,,,,,,
CIU-PC,CIU-PC,CIU-PC,,,,,,,,
CIX,CIX,CIX,,,,,,,,
CJ,CJ,CJ,,,,,,,,
CJR-B,CJR-B,CJR-B,,,,,,,,
CJT,CJT,CJT,,,,,,,,
CKI,CKI,CKI,,,,,,,,
CLF,CLF,CLF,CLF,CLF,CLF,CLF,CLF,CLF,CLF,CLF
CLG,CLG,CLG,CLG,CLG,CLG,CLG,CLG,CLG,CLG,CLG
CLML,CLML,CLML,CLML,CLML,CLML,CLML,CLML,CLML,CLML,CLML
CLMT,CLMT,CLMT,CLMT,CLMT,CLMT,CLMT,CLMT,CLMT,CLMT,CLMT
CLP-UN,CLP-UN,CLP-UN,CLP-UN,CLP-UN,CLP-UN,CLP-UN,CLP-UN,CLP-UN,CLP-UN,CLP-UN
CLS,CLS,CLS,,,,,,,,
CM,CM,CM,,,,,,,,
CM-PO,CM-PO,CM-PO,,,,,,,,
CM-PP,CM-PP,CM-PP,,,,,,,,
CM-PQ,CM-PQ,CM-PQ,,,,,,,,
CM-PS,CM-PS,CM-PS,,,,,,,,
CM-PT,CM-PT,CM-PT,,,,,,,,
CM-PY,CM-PY,CM-PY,,,,,,,,
CMAG,CMAG,CMAG,CMAG,CMAG,CMAG,CMAG,CMAG,CMAG,CMAG,CMAG
CMAG-U,CMAG-U,CMAG-U,CMAG-U,CMAG-U,CMAG-U,CMAG-U,CMAG-U,CMAG-U,CMAG-U,CMAG-U
CMAR,CMAR,CMAR,CMAR,CMAR,CMAR,CMAR,CMAR,CMAR,CMAR,CMAR
CMAR-U,CMAR-U,CMAR-U,CMAR-U,CMAR-U,CMAR-U,CMAR-U,CMAR-U,CMAR-U,CMAR-U,CMAR-U
CMCX-B,CMCX-B,CMCX-B,CMCX-B,CMCX-B,CMCX-B,CMCX-B,CMCX-B,CMCX-B,CMCX-B,CMCX-B
CMDO,CMDO,CMDO,CMDO,CMDO,CMDO,CMDO,CMDO,CMDO,CMDO,CMDO
CMEY,CMEY,CMEY,CMEY,CMEY,CMEY,CMEY,CMEY,CMEY,CMEY,CMEY
CMG,CMG,CMG,,,,,,,,
CMGG,CMGG,CMGG,CMGG,CMGG,CMGG,CMGG,CMGG,CMGG,CMGG,CMGG
CMMC,CMMC,CMMC,,,,,,,,
CMR,CMR,CMR,CMR,CMR,CMR,CMR,CMR,CMR,CMR,CMR
CMVX,CMVX,CMVX,CMVX,CMVX,CMVX,CMVX,CMVX,CMVX,CMVX,CMVX
CNAO,CNAO,CNAO,CNAO,CNAO,CNAO,CNAO,CNAO,CNAO,CNAO,CNAO
CNCC,CNCC,CNCC,CNCC,CNCC,CNCC,CNCC,CNCC,CNCC,CNCC,CNCC
CNE,CNE,CNE,,,,,,,,
CNQ,CNQ,CNQ,,,,,,,,
CNR,CNR,CNR,,,,,,,,
CNT,CNT,CNT,,,,,,,,
COG,COG,COG,,,,,,,,
COMM,COMM,COMM,,,,,,,,
COPP,COPP,COPP,COPP,COPP,COPP,COPP,COPP,COPP,COPP,COPP
COW,COW,COW,COW,COW,COW,COW,COW,COW,COW,COW
CP,CP,CP,,,,,,,,
CPD,CPD,CPD,CPD,CPD,CPD,CPD,CPD,CPD,CPD,CPD
CPG,CPG,CPG,,,,,,,,
CPH,CPH,CPH,,,,,,,,
CPLF,CPLF,CPLF,,,,,,,,
CPLS,CPLS,CPLS,CPLS,CPLS,CPLS,CPLS,CPLS,CPLS,CPLS,CPLS
CPX,CPX,CPX,,,,,,,,
CPX-PA,CPX-PA,CPX-PA,,,,,,,,
CPX-PC,CPX-PC,CPX-PC,,,,,,,,
CPX-PE,CPX-PE,CPX-PE,,,,,,,,
CPX-PK,CPX-PK,CPX-PK,,,,,,,,
CR,CR,CR,,,,,,,,
CRDL,CRDL,CRDL,,,,,,,,
CRED,CRED,CRED,CRED,CRED,CRED,CRED,CRED,CRED,CRED,CRED
CRED-U,CRED-U,CRED-U,CRED-U,CRED-U,CRED-U,CRED-U,CRED-U,CRED-U,CRED-U,CRED-U
CRON,CRON,CRON,,,,,,,,
CROP,CROP,CROP,CROP,CROP,CROP,CROP,CROP,CROP,CROP,CROP
CRP,CRP,CRP,,,,,,,,
CRR-UN,CRR-UN,CRR-UN,,,,,,,,
CRRX,CRRX,CRRX,,,,,,,,
CRT-UN,CRT-UN,CRT-UN,,,,,,,,
CRWN,CRWN,CRWN,,,,,,,,
CRYP,CRYP,CRYP,CRYP,CRYP,CRYP,CRYP,CRYP,CRYP,CRYP,CRYP
CS,CS,CS,,,,,,,,
CSAV,CSAV,CSAV,CSAV,CSAV,CSAV,CSAV,CSAV,CSAV,CSAV,CSAV
CSD,CSD,CSD,CSD,CSD,CSD,CSD,CSD,CSD,CSD,CSD
CSE-PA,CSE-PA,CSE-PA,,,,,,,,
CSH-UN,CSH-UN,CSH-UN,,,,,,,,
CSM,CSM,CSM,,,,,,,,
CSU,CSU,CSU,,,,,,,,
CSW-A,CSW-A,CSW-A,,,,,,,,
CSW-B,CSW-B,CSW-B,,,,,,,,
CTC,CTC,CTC,,,,,,,,
CTC-A,CTC-A,CTC-A,,,,,,,,
CTF-UN,CTF-UN,CTF-UN,CTF-UN,CTF-UN,CTF-UN,CTF-UN,CTF-UN,CTF-UN,CTF-UN,CTF-UN
CTS,CTS,CTS,,,,,,,,
CTX,CTX,CTX,,,,,,,,
CU,CU,CU,,,,,,,,
CU-PC,CU-PC,CU-PC,,,,,,,,
CU-PD,CU-PD,CU-PD,,,,,,,,
CU-PE,CU-PE,CU-PE,,,,,,,,
CU-PF,CU-PF,CU-PF,,,,,,,,
CU-PG,CU-PG,CU-PG,,,,,,,,
CU-PH,CU-PH,CU-PH,,,,,,,,
CU-PI,CU-PI,CU-PI,,,,,,,,
CU-X,CU-X,CU-X,,,,,,,,
CUB,CUB,CUB,,,,,,,,
CUD,CUD,CUD,CUD,CUD,CUD,CUD,CUD,CUD,CUD,CUD
CUEI,CUEI,CUEI,CUEI,CUEI,CUEI,CUEI,CUEI,CUEI,CUEI,CUEI
CUP-U,CUP-U,CUP-U,,,,,,,,
CVD,CVD,CVD,CVD,CVD,CVD,CVD,CVD,CVD,CVD,CVD
CVE,CVE,CVE,,,,,,,,
CVE-PA,CVE-PA,CVE-PA,,,,,,,,
CVE-PB,CVE-PB,CVE-PB,,,,,,,,
CVE-PC,CVE-PC,CVE-PC,,,,,,,,
CVE-PE,CVE-PE,CVE-PE,,,,,,,,
CVE-PG,CVE-PG,CVE-PG,,,,,,,,
CVG,CVG,CVG,,,,,,,,
CWB,CWB,CWB,,,,,,,,
CWB-PB,CWB-PB,CWB-PB,,,,,,,,
CWB-PD,CWB-PD,CWB-PD,,,,,,,,
CWEB,CWEB,CWEB,,,,,,,,
CWL,CWL,CWL,,,,,,,,
CWW,CWW,CWW,CWW,CWW,CWW,CWW,CWW,CWW,CWW,CWW
CXB,CXB,CXB,,,,,,,,
CXF,CXF,CXF,CXF,CXF,CXF,CXF,CXF,CXF,CXF,CXF
CXI,CXI,CXI,,,,,,,,
CYB,CYB,CYB,,,,,,,,
CYBR,CYBR,CYBR,,,,,,,,
CYBR-B,CYBR-B,CYBR-B,CYBR-B,CYBR-B,CYBR-B,CYBR-B,CYBR-B,CYBR-B,CYBR-B,CYBR-B
CYBR-U,CYBR-U,CYBR-U,CYBR-U,CYBR-U,CYBR-U,CYBR-U,CYBR-U,CYBR-U,CYBR-U,CYBR-U
CYH,CYH,CYH,CYH,CYH,CYH,CYH,CYH,CYH,CYH,CYH
D-UN,D-UN,D-UN,,,,,,,,
DAMG,DAMG,DAMG,DAMG,DAMG,DAMG,DAMG,DAMG,DAMG,DAMG,DAMG
DANC,DANC,DANC,DANC,DANC,DANC,DANC,DANC,DANC,DANC,DANC
DATA,DATA,DATA,DATA,DATA,DATA,DATA,DATA,DATA,DATA,DATA
DATA-B,DATA-B,DATA-B,DATA-B,DATA-B,DATA-B,DATA-B,DATA-B,DATA-B,DATA-B,DATA-B
DBM,DBM,DBM,,,,,,,,
DBO,DBO,DBO,,,,,,,,
DC-A,DC-A,DC-A,,,,,,,,
DC-PB,DC-PB,DC-PB,,,,,,,,
DC-PD,DC-PD,DC-PD,,,,,,,,
DCBO,DCBO,DCBO,,,,,,,,
DCC,DCC,DCC,DCC,DCC,DCC,DCC,DCC,DCC,DCC,DCC
DCG,DCG,DCG,DCG,DCG,DCG,DCG,DCG,DCG,DCG,DCG
DCM,DCM,DCM,,,,,,,,
DCP,DCP,DCP,DCP,DCP,DCP,DCP,DCP,DCP,DCP,DCP
DCS,DCS,DCS,DCS,DCS,DCS,DCS,DCS,DCS,DCS,DCS
DCU,DCU,DCU,DCU,DCU,DCU,DCU,DCU,DCU,DCU,DCU
DF,DF,DF,,,,,,,,
DF-PA,DF-PA,DF-PA,,,,,,,,
DFN,DFN,DFN,,,,,,,,
DFN-PA,DFN-PA,DFN-PA,,,,,,,,
DGR,DGR,DGR,,,,,,,,
DGR-B,DGR-B,DGR-B,DGR-B,DGR-B,DGR-B,DGR-B,DGR-B,DGR-B,DGR-B,DGR-B
DGRC,DGRC,DGRC,DGRC,DGRC,DGRC,DGRC,DGRC,DGRC,DGRC,DGRC
DGS,DGS,DGS,,,,,,,,
DGS-PA,DGS-PA,DGS-PA,,,,,,,,
DHT-U,DHT-U,DHT-U,,,,,,,,
DHT-UN,DHT-UN,DHT-UN,,,,,,,,
DIAM,DIAM,DIAM,,,,,,,,
DII-B,DII-B,DII-B,,,,,,,,
DIR-UN,DIR-UN,DIR-UN,,,,,,,,
DISC,DISC,DISC,DISC,DISC,DISC,DISC,DISC,DISC,DISC,DISC
DIV,DIV,DIV,,,,,,,,
DIVS,DIVS,DIVS,DIVS,DIVS,DIVS,DIVS,DIVS,DIVS,DIVS,DIVS
DLCG,DLCG,DLCG,,,,,,,,
DLR,DLR,DLR,DLR,DLR,DLR,DLR,DLR,DLR,DLR,DLR
DLR-U,DLR-U,DLR-U,DLR-U,DLR-U,DLR-U,DLR-U,DLR-U,DLR-U,DLR-U,DLR-U
DML,DML,DML,,,,,,,,
DN,DN,DN,,,,,,,,
DND,DND,DND,,,,,,,,
DNG,DNG,DNG,,,,,,,,
DNT,DNT,DNT,,,,,,,,
DNTL,DNTL,DNTL,,,,,,,,
DOL,DOL,DOL,,,,,,,,
DOO,DOO,DOO,,,,,,,,
DPM,DPM,DPM,,,,,,,,
DQD,DQD,DQD,DQD,DQD,DQD,DQD,DQD,DQD,DQD,DQD
DQI,DQI,DQI,DQI,DQI,DQI,DQI,DQI,DQI,DQI,DQI
DR,DR,DR,,,,,,,,
DRCU,DRCU,DRCU,DRCU,DRCU,DRCU,DRCU,DRCU,DRCU,DRCU,DRCU
DRDR,DRDR,DRDR,,,,,,,,
DRFC,DRFC,DRFC,DRFC,DRFC,DRFC,DRFC,DRFC,DRFC,DRFC,DRFC
DRFD,DRFD,DRFD,DRFD,DRFD,DRFD,DRFD,DRFD,DRFD,DRFD,DRFD
DRFE,DRFE,DRFE,,,,,,,,
DRFG,DRFG,DRFG,DRFG,DRFG,DRFG,DRFG,DRFG,DRFG,DRFG,DRFG
DRFU,DRFU,DRFU,DRFU,DRFU,DRFU,DRFU,DRFU,DRFU,DRFU,DRFU
DRM,DRM,DRM,,,,,,,,
DRMC,DRMC,DRMC,DRMC,DRMC,DRMC,DRMC,DRMC,DRMC,DRMC,DRMC
DRMD,DRMD,DRMD,DRMD,DRMD,DRMD,DRMD,DRMD,DRMD,DRMD,DRMD
DRME,DRME,DRME,DRME,DRME,DRME,DRME,DRME,DRME,DRME,DRME
DRMU,DRMU,DRMU,DRMU,DRMU,DRMU,DRMU,DRMU,DRMU,DRMU,DRMU
DRR-U,DRR-U,DRR-U,,,,,,,,
DRT,DRT,DRT,,,,,,,,
DRX,DRX,DRX,,,,,,,,
DS,DS,DS,,,,,,,,
DSAE,DSAE,DSAE,DSAE,DSAE,DSAE,DSAE,DSAE,DSAE,DSAE,DSAE
DSG,DSG,DSG,,,,,,,,
DXB,DXB,DXB,DXB,DXB,DXB,DXB,DXB,DXB,DXB,DXB
DXC,DXC,DXC,DXC,DXC,DXC,DXC,DXC,DXC,DXC,DXC
DXDB,DXDB,DXDB,DXDB,DXDB,DXDB,DXDB,DXDB,DXDB,DXDB,DXDB
DXEM,DXEM,DXEM,DXEM,DXEM,DXEM,DXEM,DXEM,DXEM,DXEM,DXEM
DXET,DXET,DXET,DXET,DXET,DXET,DXET,DXET,DXET,DXET,DXET
DXF,DXF,DXF,DXF,DXF,DXF,DXF,DXF,DXF,DXF,DXF
DXG,DXG,DXG,DXG,DXG,DXG,DXG,DXG,DXG,DXG,DXG
DXIF,DXIF,DXIF,DXIF,DXIF,DXIF,DXIF,DXIF,DXIF,DXIF,DXIF
DXN,DXN,DXN,DXN,DXN,DXN,DXN,DXN,DXN,DXN,DXN
DXO,DXO,DXO,DXO,DXO,DXO,DXO,DXO,DXO,DXO,DXO
DXP,DXP,DXP,DXP,DXP,DXP,DXP,DXP,DXP,DXP,DXP
DXQ,DXQ,DXQ,DXQ,DXQ,DXQ,DXQ,DXQ,DXQ,DXQ,DXQ
DXR,DXR,DXR,DXR,DXR,DXR,DXR,DXR,DXR,DXR,DXR
DXT,DXT,DXT,,,,,,,,
DXU,DXU,DXU,DXU,DXU,DXU,DXU,DXU,DXU,DXU,DXU
DXV,DXV,DXV,DXV,DXV,DXV,DXV,DXV,DXV,DXV,DXV
DXW,DXW,DXW,DXW,DXW,DXW,DXW,DXW,DXW,DXW,DXW
DXZ,DXZ,DXZ,DXZ,DXZ,DXZ,DXZ,DXZ,DXZ,DXZ,DXZ
DYA,DYA,DYA,,,,,,,,
E,E,E,,,,,,,,
EAGR,EAGR,EAGR,,,,,,,,
EARN,EARN,EARN,EARN,EARN,EARN,EARN,EARN,EARN,EARN,EARN
EBIT,EBIT,EBIT,EBIT,EBIT,EBIT,EBIT,EBIT,EBIT,EBIT,EBIT
EBIT-U,EBIT-U,EBIT-U,EBIT-U,EBIT-U,EBIT-U,EBIT-U,EBIT-U,EBIT-U,EBIT-U,EBIT-U
EBNK,EBNK,EBNK,EBNK,EBNK,EBNK,EBNK,EBNK,EBNK,EBNK,EBNK
ECN,ECN,ECN,,,,,,,,
ECN-PC,ECN-PC,ECN-PC,,,,,,,,
ECO,ECO,ECO,,,,,,,,
ECOR,ECOR,ECOR,,,,,,,,
EDGE,EDGE,EDGE,EDGE,EDGE,EDGE,EDGE,EDGE,EDGE,EDGE,EDGE
EDGE-U,EDGE-U,EDGE-U,EDGE-U,EDGE-U,EDGE-U,EDGE-U,EDGE-U,EDGE-U,EDGE-U,EDGE-U
EDGF,EDGF,EDGF,EDGF,EDGF,EDGF,EDGF,EDGF,EDGF,EDGF,EDGF
EDR,EDR,EDR,,,,,,,,
EDT,EDT,EDT,,,,,,,,
EDV,EDV,EDV,,,,,,,,
EFL,EFL,EFL,,,,,,,,
EFN,EFN,EFN,,,,,,,,
EFN-PA,EFN-PA,EFN-PA,,,,,,,,
EFN-PC,EFN-PC,EFN-PC,,,,,,,,
EFN-PE,EFN-PE,EFN-PE,,,,,,,,
EFR,EFR,EFR,,,,,,,,
EFX,EFX,EFX,,,,,,,,
EGIF,EGIF,EGIF,EGIF,EGIF,EGIF,EGIF,EGIF,EGIF,EGIF,EGIF
EGLX,EGLX,EGLX,,,,,,,,
EHE,EHE,EHE,,,,,,,,
EHE-B,EHE-B,EHE-B,EHE-B,EHE-B,EHE-B,EHE-B,EHE-B,EHE-B,EHE-B,EHE-B
EIF,EIF,EIF,,,,,,,,
EIT-PA,EIT-PA,EIT-PA,,,,,,,,
EIT-PB,EIT-PB,EIT-PB,EIT-PB,EIT-PB,EIT-PB,EIT-PB,EIT-PB,EIT-PB,EIT-PB,EIT-PB
EIT-UN,EIT-UN,EIT-UN,EIT-UN,EIT-UN,EIT-UN,EIT-UN,EIT-UN,EIT-UN,EIT-UN,EIT-UN
ELD,ELD,ELD,,,,,,,,
ELEF,ELEF,ELEF,,,,,,,,
ELF,ELF,ELF,,,,,,,,
ELF-PF,ELF-PF,ELF-PF,,,,,,,,
ELF-PG,ELF-PG,ELF-PG,,,,,,,,
ELF-PH,ELF-PH,ELF-PH,,,,,,,,
ELR,ELR,ELR,,,,,,,,
ELV,ELV,ELV,,,,,,,,
EMA,EMA,EMA,,,,,,,,
EMA-PA,EMA-PA,EMA-PA,,,,,,,,
EMA-PB,EMA-PB,EMA-PB,,,,,,,,
EMA-PC,EMA-PC,EMA-PC,,,,,,,,
EMA-PE,EMA-PE,EMA-PE,,,,,,,,
EMA-PF,EMA-PF,EMA-PF,,,,,,,,
EMA-PH,EMA-PH,EMA-PH,,,,,,,,
EMA-PL,EMA-PL,EMA-PL,,,,,,,,
EMP-A,EMP-A,EMP-A,,,,,,,,
EMV-B,EMV-B,EMV-B,EMV-B,EMV-B,EMV-B,EMV-B,EMV-B,EMV-B,EMV-B,EMV-B
ENB,ENB,ENB,,,,,,,,
ENB-PA,ENB-PA,ENB-PA,,,,,,,,
ENB-PB,ENB-PB,ENB-PB,,,,,,,,
ENB-PD,ENB-PD,ENB-PD,,,,,,,,
ENB-PF,ENB-PF,ENB-PF,,,,,,,,
ENB-PFA,ENB-PFA,ENB-PFA,,,,,,,,
ENB-PFC,ENB-PFC,ENB-PFC,,,,,,,,
ENB-PFE,ENB-PFE,ENB-PFE,,,,,,,,
ENB-PFG,ENB-PFG,ENB-PFG,,,,,,,,
ENB-PFK,ENB-PFK,ENB-PFK,,,,,,,,
ENB-PFU,ENB-PFU,ENB-PFU,,,,,,,,
ENB-PFV,ENB-PFV,ENB-PFV,,,,,,,,
ENB-PH,ENB-PH,ENB-PH,,,,,,,,
ENB-PJ,ENB-PJ,ENB-PJ,,,,,,,,
ENB-PN,ENB-PN,ENB-PN,,,,,,,,
ENB-PP,ENB-PP,ENB-PP,,,,,,,,
ENB-PT,ENB-PT,ENB-PT,,,,,,,,
ENB-PV,ENB-PV,ENB-PV,,,,,,,,
ENB-PY,ENB-PY,ENB-PY,,,,,,,,
ENCC,ENCC,ENCC,ENCC,ENCC,ENCC,ENCC,ENCC,ENCC,ENCC,ENCC
ENGH,ENGH,ENGH,,,,,,,,
ENS,ENS,ENS,,,,,,,,
ENS-PA,ENS-PA,ENS-PA,,,,,,,,
EOX,EOX,EOX,,,,,,,,
EPRX,EPRX,EPRX,,,,,,,,
EQB,EQB,EQB,,,,,,,,
EQB-PC,EQB-PC,EQB-PC,,,,,,,,
EQL,EQL,EQL,EQL,EQL,EQL,EQL,EQL,EQL,EQL,EQL
EQL-F,EQL-F,EQL-F,EQL-F,EQL-F,EQL-F,EQL-F,EQL-F,EQL-F,EQL-F,EQL-F
EQL-U,EQL-U,EQL-U,EQL-U,EQL-U,EQL-U,EQL-U,EQL-U,EQL-U,EQL-U,EQL-U
EQX,EQX,EQX,,,,,,,,
ERD,ERD,ERD,,,,,,,,
ERE-UN,ERE-UN,ERE-UN,,,,,,,,
ERF,ERF,ERF,,,,,,,,
ERO,ERO,ERO,,,,,,,,
ESG,ESG,ESG,ESG,ESG,ESG,ESG,ESG,ESG,ESG,ESG
ESG-F,ESG-F,ESG-F,ESG-F,ESG-F,ESG-F,ESG-F,ESG-F,ESG-F,ESG-F,ESG-F
ESGA,ESGA,ESGA,ESGA,ESGA,ESGA,ESGA,ESGA,ESGA,ESGA,ESGA
ESGB,ESGB,ESGB,ESGB,ESGB,ESGB,ESGB,ESGB,ESGB,ESGB,ESGB
ESGC,ESGC,ESGC,ESGC,ESGC,ESGC,ESGC,ESGC,ESGC,ESGC,ESGC
ESGE,ESGE,ESGE,ESGE,ESGE,ESGE,ESGE,ESGE,ESGE,ESGE,ESGE
ESGF,ESGF,ESGF,ESGF,ESGF,ESGF,ESGF,ESGF,ESGF,ESGF,ESGF
ESGG,ESGG,ESGG,ESGG,ESGG,ESGG,ESGG,ESGG,ESGG,ESGG,ESGG
ESGH,ESGH,ESGH,ESGH,ESGH,ESGH,ESGH,ESGH,ESGH,ESGH,ESGH
ESGY,ESGY,ESGY,ESGY,ESGY,ESGY,ESGY,ESGY,ESGY,ESGY,ESGY
ESGY-F,ESGY-F,ESGY-F,ESGY-F,ESGY-F,ESGY-F,ESGY-F,ESGY-F,ESGY-F,ESGY-F,ESGY-F
ESI,ESI,ESI,,,,,,,,
ESM,ESM,ESM,,,,,,,,
ESN,ESN,ESN,,,,,,,,
ET,ET,ET,,,,,,,,
ETC,ETC,ETC,ETC,ETC,ETC,ETC,ETC,ETC,ETC,ETC
ETC-U,ETC-U,ETC-U,ETC-U,ETC-U,ETC-U,ETC-U,ETC-U,ETC-U,ETC-U,ETC-U
ETG,ETG,ETG,,,,,,,,
ETHH,ETHH,ETHH,ETHH,ETHH,ETHH,ETHH,ETHH,ETHH,ETHH,ETHH
ETHH-B,ETHH-B,ETHH-B,ETHH-B,ETHH-B,ETHH-B,ETHH-B,ETHH-B,ETHH-B,ETHH-B,ETHH-B
ETHH-J,ETHH-J,ETHH-J,ETHH-J,ETHH-J,ETHH-J,ETHH-J,ETHH-J,ETHH-J,ETHH-J,ETHH-J
ETHH-U,ETHH-U,ETHH-U,ETHH-U,ETHH-U,ETHH-U,ETHH-U,ETHH-U,ETHH-U,ETHH-U,ETHH-U
ETHI,ETHI,ETHI,ETHI,ETHI,ETHI,ETHI,ETHI,ETHI,ETHI,ETHI
ETHQ,ETHQ,ETHQ,ETHQ,ETHQ,ETHQ,ETHQ,ETHQ,ETHQ,ETHQ,ETHQ
ETHR,ETHR,ETHR,ETHR,ETHR,ETHR,ETHR,ETHR,ETHR,ETHR,ETHR
ETHX-B,ETHX-B,ETHX-B,ETHX-B,ETHX-B,ETHX-B,ETHX-B,ETHX-B,ETHX-B,ETHX-B,ETHX-B
ETHX-U,ETHX-U,ETHX-U,ETHX-U,ETHX-U,ETHX-U,ETHX-U,ETHX-U,ETHX-U,ETHX-U,ETHX-U
ETHY,ETHY,ETHY,ETHY,ETHY,ETHY,ETHY,ETHY,ETHY,ETHY,ETHY
ETHY-B,ETHY-B,ETHY-B,ETHY-B,ETHY-B,ETHY-B,ETHY-B,ETHY-B,ETHY-B,ETHY-B,ETHY-B
ETHY-U,ETHY-U,ETHY-U,ETHY-U,ETHY-U,ETHY-U,ETHY-U,ETHY-U,ETHY-U,ETHY-U,ETHY-U
ETP,ETP,ETP,,,,,,,,
EVT,EVT,EVT,,,,,,,,
EXE,EXE,EXE,,,,,,,,
EXN,EXN,EXN,,,,,,,,
EXRO,EXRO,EXRO,,,,,,,,
FAF,FAF,FAF,,,,,,,,
FANS,FANS,FANS,,,,,,,,
FAP,FAP,FAP,,,,,,,,
FAR,FAR,FAR,,,,,,,,
FBGO,FBGO,FBGO,FBGO,FBGO,FBGO,FBGO,FBGO,FBGO,FBGO,FBGO
FBT,FBT,FBT,FBT,FBT,FBT,FBT,FBT,FBT,FBT,FBT
FBTC,FBTC,FBTC,FBTC,FBTC,FBTC,FBTC,FBTC,FBTC,FBTC,FBTC
FC,FC,FC,,,,,,,,
FCCB,FCCB,FCCB,FCCB,FCCB,FCCB,FCCB,FCCB,FCCB,FCCB,FCCB
FCCD,FCCD,FCCD,FCCD,FCCD,FCCD,FCCD,FCCD,FCCD,FCCD,FCCD
FCCL,FCCL,FCCL,FCCL,FCCL,FCCL,FCCL,FCCL,FCCL,FCCL,FCCL
FCCM,FCCM,FCCM,FCCM,FCCM,FCCM,FCCM,FCCM,FCCM,FCCM,FCCM
FCCQ,FCCQ,FCCQ,FCCQ,FCCQ,FCCQ,FCCQ,FCCQ,FCCQ,FCCQ,FCCQ
FCCV,FCCV,FCCV,FCCV,FCCV,FCCV,FCCV,FCCV,FCCV,FCCV,FCCV
FCD-UN,FCD-UN,FCD-UN,,,,,,,,
FCGB,FCGB,FCGB,FCGB,FCGB,FCGB,FCGB,FCGB,FCGB,FCGB,FCGB
FCGI,FCGI,FCGI,FCGI,FCGI,FCGI,FCGI,FCGI,FCGI,FCGI,FCGI
FCID,FCID,FCID,FCID,FCID,FCID,FCID,FCID,FCID,FCID,FCID
FCIG,FCIG,FCIG,FCIG,FCIG,FCIG,FCIG,FCIG,FCIG,FCIG,FCIG
FCII,FCII,FCII,FCII,FCII,FCII,FCII,FCII,FCII,FCII,FCII
FCIL,FCIL,FCIL,FCIL,FCIL,FCIL,FCIL,FCIL,FCIL,FCIL,FCIL
FCIM,FCIM,FCIM,FCIM,FCIM,FCIM,FCIM,FCIM,FCIM,FCIM,FCIM
FCIQ,FCIQ,FCIQ,FCIQ,FCIQ,FCIQ,FCIQ,FCIQ,FCIQ,FCIQ,FCIQ
FCIV,FCIV,FCIV,FCIV,FCIV,FCIV,FCIV,FCIV,FCIV,FCIV,FCIV
FCLH,FCLH,FCLH,FCLH,FCLH,FCLH,FCLH,FCLH,FCLH,FCLH,FCLH
FCMH,FCMH,FCMH,FCMH,FCMH,FCMH,FCMH,FCMH,FCMH,FCMH,FCMH
FCMI,FCMI,FCMI,FCMI,FCMI,FCMI,FCMI,FCMI,FCMI,FCMI,FCMI
FCMO,FCMO,FCMO,FCMO,FCMO,FCMO,FCMO,FCMO,FCMO,FCMO,FCMO
FCQH,FCQH,FCQH,FCQH,FCQH,FCQH,FCQH,FCQH,FCQH,FCQH,FCQH
FCR-UN,FCR-UN,FCR-UN,,,,,,,,
FCRH,FCRH,FCRH,FCRH,FCRH,FCRH,FCRH,FCRH,FCRH,FCRH,FCRH
FCRR,FCRR,FCRR,FCRR,FCRR,FCRR,FCRR,FCRR,FCRR,FCRR,FCRR
FCSB,FCSB,FCSB,FCSB,FCSB,FCSB,FCSB,FCSB,FCSB,FCSB,FCSB
FCSI,FCSI,FCSI,FCSI,FCSI,FCSI,FCSI,FCSI,FCSI,FCSI,FCSI
FCU,FCU,FCU,,,,,,,,
FCUD,FCUD,FCUD,FCUD,FCUD,FCUD,FCUD,FCUD,FCUD,FCUD,FCUD
FCUH,FCUH,FCUH,FCUH,FCUH,FCUH,FCUH,FCUH,FCUH,FCUH,FCUH
FCUL,FCUL,FCUL,FCUL,FCUL,FCUL,FCUL,FCUL,FCUL,FCUL,FCUL
FCUQ,FCUQ,FCUQ,FCUQ,FCUQ,FCUQ,FCUQ,FCUQ,FCUQ,FCUQ,FCUQ
FCUV,FCUV,FCUV,FCUV,FCUV,FCUV,FCUV,FCUV,FCUV,FCUV,FCUV
FCVH,FCVH,FCVH,FCVH,FCVH,FCVH,FCVH,FCVH,FCVH,FCVH,FCVH
FDGE,FDGE,FDGE,,,,,,,,
FDN,FDN,FDN,FDN,FDN,FDN,FDN,FDN,FDN,FDN,FDN
FEBB-F,FEBB-F,FEBB-F,FEBB-F,FEBB-F,FEBB-F,FEBB-F,FEBB-F,FEBB-F,FEBB-F,FEBB-F
FEC,FEC,FEC,,,,,,,,
FETH,FETH,FETH,FETH,FETH,FETH,FETH,FETH,FETH,FETH,FETH
FF,FF,FF,,,,,,,,
FFH,FFH,FFH,,,,,,,,
FFH-PC,FFH-PC,FFH-PC,,,,,,,,
FFH-PD,FFH-PD,FFH-PD,,,,,,,,
FFH-PE,FFH-PE,FFH-PE,,,,,,,,
FFH-PF,FFH-PF,FFH-PF,,,,,,,,
FFH-PG,FFH-PG,FFH-PG,,,,,,,,
FFH-PH,FFH-PH,FFH-PH,,,,,,,,
FFH-PI,FFH-PI,FFH-PI,,,,,,,,
FFH-PJ,FFH-PJ,FFH-PJ,,,,,,,,
FFH-PK,FFH-PK,FFH-PK,,,,,,,,
FFH-PM,FFH-PM,FFH-PM,,,,,,,,
FFI-UN,FFI-UN,FFI-UN,FFI-UN,FFI-UN,FFI-UN,FFI-UN,FFI-UN,FFI-UN,FFI-UN,FFI-UN
FFN,FFN,FFN,,,,,,,,
FFN-PA,FFN-PA,FFN-PA,,,,,,,,
FGAA-U,FGAA-U,FGAA-U,,,,,,,,
FGB,FGB,FGB,,,,,,,,
FGGE,FGGE,FGGE,FGGE,FGGE,FGGE,FGGE,FGGE,FGGE,FGGE,FGGE
FGO,FGO,FGO,FGO,FGO,FGO,FGO,FGO,FGO,FGO,FGO
FGO-U,FGO-U,FGO-U,FGO-U,FGO-U,FGO-U,FGO-U,FGO-U,FGO-U,FGO-U,FGO-U
FHC,FHC,FHC,FHC,FHC,FHC,FHC,FHC,FHC,FHC,FHC
FHC-F,FHC-F,FHC-F,FHC-F,FHC-F,FHC-F,FHC-F,FHC-F,FHC-F,FHC-F,FHC-F
FHD,FHD,FHD,FHD,FHD,FHD,FHD,FHD,FHD,FHD,FHD
FHE,FHE,FHE,FHE,FHE,FHE,FHE,FHE,FHE,FHE,FHE
FHF,FHF,FHF,FHF,FHF,FHF,FHF,FHF,FHF,FHF,FHF
FHG,FHG,FHG,,,,,,,,
FHH,FHH,FHH,,,,,,,,
FHH-F,FHH-F,FHH-F,FHH-F,FHH-F,FHH-F,FHH-F,FHH-F,FHH-F,FHH-F,FHH-F
FHI,FHI,FHI,FHI,FHI,FHI,FHI,FHI,FHI,FHI,FHI
FHI-B,FHI-B,FHI-B,FHI-B,FHI-B,FHI-B,FHI-B,FHI-B,FHI-B,FHI-B,FHI-B
FHIS,FHIS,FHIS,FHIS,FHIS,FHIS,FHIS,FHIS,FHIS,FHIS,FHIS
FHM,FHM,FHM,FHM,FHM,FHM,FHM,FHM,FHM,FHM,FHM
FHQ,FHQ,FHQ,,,,,,,,
FHQ-F,FHQ-F,FHQ-F,FHQ-F,FHQ-F,FHQ-F,FHQ-F,FHQ-F,FHQ-F,FHQ-F,FHQ-F
FID265,FID265,FID265,FID265,FID265,FID265,FID265,FID265,FID265,FID265,FID265
FIE,FIE,FIE,FIE,FIE,FIE,FIE,FIE,FIE,FIE,FIE
FIG,FIG,FIG,FIG,FIG,FIG,FIG,FIG,FIG,FIG,FIG
FIG-U,FIG-U,FIG-U,FIG-U,FIG-U,FIG-U,FIG-U,FIG-U,FIG-U,FIG-U,FIG-U
FIH-U,FIH-U,FIH-U,,,,,,,,
FIL,FIL,FIL,,,,,,,,
FINO,FINO,FINO,FINO,FINO,FINO,FINO,FINO,FINO,FINO,FINO
FINT,FINT,FINT,FINT,FINT,FINT,FINT,FINT,FINT,FINT,FINT
FLBA,FLBA,FLBA,FLBA,FLBA,FLBA,FLBA,FLBA,FLBA,FLBA,FLBA
FLCI,FLCI,FLCI,FLCI,FLCI,FLCI,FLCI,FLCI,FLCI,FLCI,FLCI
FLCP,FLCP,FLCP,FLCP,FLCP,FLCP,FLCP,FLCP,FLCP,FLCP,FLCP
FLGA,FLGA,FLGA,FLGA,FLGA,FLGA,FLGA,FLGA,FLGA,FLGA,FLGA
FLGD,FLGD,FLGD,FLGD,FLGD,FLGD,FLGD,FLGD,FLGD,FLGD,FLGD
FLI,FLI,FLI,FLI,FLI,FLI,FLI,FLI,FLI,FLI,FLI
FLNT,FLNT,FLNT,,,,,,,,
FLOT,FLOT,FLOT,FLOT,FLOT,FLOT,FLOT,FLOT,FLOT,FLOT,FLOT
FLOT-U,FLOT-U,FLOT-U,FLOT-U,FLOT-U,FLOT-U,FLOT-U,FLOT-U,FLOT-U,FLOT-U,FLOT-U
FLOW,FLOW,FLOW,,,,,,,,
FLRM,FLRM,FLRM,FLRM,FLRM,FLRM,FLRM,FLRM,FLRM,FLRM,FLRM
FLSD,FLSD,FLSD,FLSD,FLSD,FLSD,FLSD,FLSD,FLSD,FLSD,FLSD
FLUS,FLUS,FLUS,FLUS,FLUS,FLUS,FLUS,FLUS,FLUS,FLUS,FLUS
FLX,FLX,FLX,FLX,FLX,FLX,FLX,FLX,FLX,FLX,FLX
FM,FM,FM,,,,,,,,
FN,FN,FN,,,,,,,,
FN-PA,FN-PA,FN-PA,,,,,,,,
FN-PB,FN-PB,FN-PB,,,,,,,,
FNV,FNV,FNV,,,,,,,,
FOOD,FOOD,FOOD,,,,,,,,
FORA,FORA,FORA,,,,,,,,
FORZ,FORZ,FORZ,,,,,,,,
FOUR,FOUR,FOUR,FOUR,FOUR,FOUR,FOUR,FOUR,FOUR,FOUR,FOUR
FPR,FPR,FPR,,,,,,,,
FQC,FQC,FQC,FQC,FQC,FQC,FQC,FQC,FQC,FQC,FQC
FR,FR,FR,,,,,,,,
FRII,FRII,FRII,,,,,,,,
FRU,FRU,FRU,,,,,,,,
FRX,FRX,FRX,,,,,,,,
FSB,FSB,FSB,,,,,,,,
FSB-U,FSB-U,FSB-U,FSB-U,FSB-U,FSB-U,FSB-U,FSB-U,FSB-U,FSB-U,FSB-U
FSF,FSF,FSF,,,,,,,,
FSL,FSL,FSL,,,,,,,,
FSR,FSR,FSR,FSR,FSR,FSR,FSR,FSR,FSR,FSR,FSR
FST,FST,FST,,,,,,,,
FSV,FSV,FSV,,,,,,,,
FSY,FSY,FSY,,,,,,,,
FSZ,FSZ,FSZ,,,,,,,,
FT,FT,FT,,,,,,,,
FTG,FTG,FTG,,,,,,,,
FTN,FTN,FTN,,,,,,,,
FTN-PA,FTN-PA,FTN-PA,,,,,,,,
FTS,FTS,FTS,,,,,,,,
FTS-PF,FTS-PF,FTS-PF,,,,,,,,
FTS-PG,FTS-PG,FTS-PG,,,,,,,,
FTS-PH,FTS-PH,FTS-PH,,,,,,,,
FTS-PI,FTS-PI,FTS-PI,,,,,,,,
FTS-PJ,FTS-PJ,FTS-PJ,,,,,,,,
FTS-PK,FTS-PK,FTS-PK,,,,,,,,
FTS-PM,FTS-PM,FTS-PM,,,,,,,,
FTT,FTT,FTT,,,,,,,,
FTU,FTU,FTU,,,,,,,,
FTU-PB,FTU-PB,FTU-PB,,,,,,,,
FUD,FUD,FUD,,,,,,,,
FURY,FURY,FURY,,,,,,,,
FVI,FVI,FVI,,,,,,,,
FVL,FVL,FVL,,,,,,,,
FWCP,FWCP,FWCP,FWCP,FWCP,FWCP,FWCP,FWCP,FWCP,FWCP,FWCP
FXM,FXM,FXM,,,,,,,,
GATO,GATO,GATO,,,,,,,,
GAU,GAU,GAU,,,,,,,,
GBAL,GBAL,GBAL,GBAL,GBAL,GBAL,GBAL,GBAL,GBAL,GBAL,GBAL
GBAR,GBAR,GBAR,,,,,,,,
GBT,GBT,GBT,,,,,,,,
GCBD,GCBD,GCBD,GCBD,GCBD,GCBD,GCBD,GCBD,GCBD,GCBD,GCBD
GCG,GCG,GCG,,,,,,,,
GCL,GCL,GCL,,,,,,,,
GCNS,GCNS,GCNS,GCNS,GCNS,GCNS,GCNS,GCNS,GCNS,GCNS,GCNS
GCSC,GCSC,GCSC,GCSC,GCSC,GCSC,GCSC,GCSC,GCSC,GCSC,GCSC
GDC,GDC,GDC,,,,,,,,
GDEP,GDEP,GDEP,GDEP,GDEP,GDEP,GDEP,GDEP,GDEP,GDEP,GDEP
GDEP-B,GDEP-B,GDEP-B,GDEP-B,GDEP-B,GDEP-B,GDEP-B,GDEP-B,GDEP-B,GDEP-B,GDEP-B
GDI,GDI,GDI,,,,,,,,
GDL,GDL,GDL,,,,,,,,
GDPY,GDPY,GDPY,GDPY,GDPY,GDPY,GDPY,GDPY,GDPY,GDPY,GDPY
GDPY-B,GDPY-B,GDPY-B,GDPY-B,GDPY-B,GDPY-B,GDPY-B,GDPY-B,GDPY-B,GDPY-B,GDPY-B
GDV,GDV,GDV,,,,,,,,
GDV-PA,GDV-PA,GDV-PA,,,,,,,,
GEI,GEI,GEI,,,,,,,,
GENM,GENM,GENM,,,,,,,,
GEO,GEO,GEO,,,,,,,,
GEQT,GEQT,GEQT,GEQT,GEQT,GEQT,GEQT,GEQT,GEQT,GEQT,GEQT
GFL,GFL,GFL,,,,,,,,
GFP,GFP,GFP,,,,,,,,
GGA,GGA,GGA,,,,,,,,
GGAC,GGAC,GGAC,GGAC,GGAC,GGAC,GGAC,GGAC,GGAC,GGAC,GGAC
GGD,GGD,GGD,,,,,,,,
GGEM,GGEM,GGEM,GGEM,GGEM,GGEM,GGEM,GGEM,GGEM,GGEM,GGEM
GGRO,GGRO,GGRO,GGRO,GGRO,GGRO,GGRO,GGRO,GGRO,GGRO,GGRO
GH,GH,GH,,,,,,,,
GIB-A,GIB-A,GIB-A,,,,,,,,
GIGR,GIGR,GIGR,GIGR,GIGR,GIGR,GIGR,GIGR,GIGR,GIGR,GIGR
GIGR-B,GIGR-B,GIGR-B,GIGR-B,GIGR-B,GIGR-B,GIGR-B,GIGR-B,GIGR-B,GIGR-B,GIGR-B
GIL,GIL,GIL,,,,,,,,
GIQG,GIQG,GIQG,GIQG,GIQG,GIQG,GIQG,GIQG,GIQG,GIQG,GIQG
GIQG-B,GIQG-B,GIQG-B,GIQG-B,GIQG-B,GIQG-B,GIQG-B,GIQG-B,GIQG-B,GIQG-B,GIQG-B
GIQU,GIQU,GIQU,GIQU,GIQU,GIQU,GIQU,GIQU,GIQU,GIQU,GIQU
GIQU-B,GIQU-B,GIQU-B,GIQU-B,GIQU-B,GIQU-B,GIQU-B,GIQU-B,GIQU-B,GIQU-B,GIQU-B
GIVX,GIVX,GIVX,,,,,,,,
GLCC,GLCC,GLCC,GLCC,GLCC,GLCC,GLCC,GLCC,GLCC,GLCC,GLCC
GLG,GLG,GLG,,,,,,,,
GLO,GLO,GLO,,,,,,,,
GLXY,GLXY,GLXY,,,,,,,,
GMTN,GMTN,GMTN,,,,,,,,
GMX,GMX,GMX,,,,,,,,
GOGR,GOGR,GOGR,,,,,,,,
GOLD,GOLD,GOLD,,,,,,,,
GOOS,GOOS,GOOS,,,,,,,,
GPMD,GPMD,GPMD,,,,,,,,
GRA,GRA,GRA,,,,,,,,
GRC,GRC,GRC,,,,,,,,
GRID,GRID,GRID,,,,,,,,
GRN,GRN,GRN,,,,,,,,
GRNI,GRNI,GRNI,GRNI,GRNI,GRNI,GRNI,GRNI,GRNI,GRNI,GRNI
GRT-UN,GRT-UN,GRT-UN,,,,,,,,
GSY,GSY,GSY,,,,,,,,
GTE,GTE,GTE,,,,,,,,
GTMS,GTMS,GTMS,,,,,,,,
GUD,GUD,GUD,,,,,,,,
GURU,GURU,GURU,,,,,,,,
GVC,GVC,GVC,,,,,,,,
GWO,GWO,GWO,,,,,,,,
GWO-PG,GWO-PG,GWO-PG,,,,,,,,
GWO-PH,GWO-PH,GWO-PH,,,,,,,,
GWO-PI,GWO-PI,GWO-PI,,,,,,,,
GWO-PL,GWO-PL,GWO-PL,,,,,,,,
GWO-PM,GWO-PM,GWO-PM,,,,,,,,
GWO-PN,GWO-PN,GWO-PN,,,,,,,,
GWO-PP,GWO-PP,GWO-PP,,,,,,,,
GWO-PQ,GWO-PQ,GWO-PQ,,,,,,,,
GWO-PR,GWO-PR,GWO-PR,,,,,,,,
GWO-PS,GWO-PS,GWO-PS,,,,,,,,
GWO-PT,GWO-PT,GWO-PT,,,,,,,,
GWO-PY,GWO-PY,GWO-PY,,,,,,,,
GWR,GWR,GWR,,,,,,,,
GXE,GXE,GXE,,,,,,,,
H,H,H,,,,,,,,
HAB,HAB,HAB,HAB,HAB,HAB,HAB,HAB,HAB,HAB,HAB
HAC,HAC,HAC,,,,,,,,
HAD,HAD,HAD,,,,,,,,
HAEB,HAEB,HAEB,HAEB,HAEB,HAEB,HAEB,HAEB,HAEB,HAEB,HAEB
HAI,HAI,HAI,,,,,,,,
HAL,HAL,HAL,HAL,HAL,HAL,HAL,HAL,HAL,HAL,HAL
HARB,HARB,HARB,HARB,HARB,HARB,HARB,HARB,HARB,HARB,HARB
HARB-J,HARB-J,HARB-J,HARB-J,HARB-J,HARB-J,HARB-J,HARB-J,HARB-J,HARB-J,HARB-J
HARC,HARC,HARC,HARC,HARC,HARC,HARC,HARC,HARC,HARC,HARC
HAZ,HAZ,HAZ,,,,,,,,
HBA,HBA,HBA,HBA,HBA,HBA,HBA,HBA,HBA,HBA,HBA
HBAL,HBAL,HBAL,HBAL,HBAL,HBAL,HBAL,HBAL,HBAL,HBAL,HBAL
HBB,HBB,HBB,,,,,,,,
HBD,HBD,HBD,,,,,,,,
HBF,HBF,HBF,HBF,HBF,HBF,HBF,HBF,HBF,HBF,HBF
HBF-B,HBF-B,HBF-B,HBF-B,HBF-B,HBF-B,HBF-B,HBF-B,HBF-B,HBF-B,HBF-B
HBF-U,HBF-U,HBF-U,HBF-U,HBF-U,HBF-U,HBF-U,HBF-U,HBF-U,HBF-U,HBF-U
HBFE,HBFE,HBFE,HBFE,HBFE,HBFE,HBFE,HBFE,HBFE,HBFE,HBFE
HBGD,HBGD,HBGD,HBGD,HBGD,HBGD,HBGD,HBGD,HBGD,HBGD,HBGD
HBGD-U,HBGD-U,HBGD-U,HBGD-U,HBGD-U,HBGD-U,HBGD-U,HBGD-U,HBGD-U,HBGD-U,HBGD-U
HBIT,HBIT,HBIT,HBIT,HBIT,HBIT,HBIT,HBIT,HBIT,HBIT,HBIT
HBKD,HBKD,HBKD,HBKD,HBKD,HBKD,HBKD,HBKD,HBKD,HBKD,HBKD
HBKU,HBKU,HBKU,HBKU,HBKU,HBKU,HBKU,HBKU,HBKU,HBKU,HBKU
HBL-UN,HBL-UN,HBL-UN,HBL-UN,HBL-UN,HBL-UN,HBL-UN,HBL-UN,HBL-UN,HBL-UN,HBL-UN
HBLK,HBLK,HBLK,HBLK,HBLK,HBLK,HBLK,HBLK,HBLK,HBLK,HBLK
HBM,HBM,HBM,,,,,,,,
HBP,HBP,HBP,,,,,,,,
HBU,HBU,HBU,HBU,HBU,HBU,HBU,HBU,HBU,HBU,HBU
HBUG,HBUG,HBUG,HBUG,HBUG,HBUG,HBUG,HBUG,HBUG,HBUG,HBUG
HCA,HCA,HCA,HCA,HCA,HCA,HCA,HCA,HCA,HCA,HCA
HCAL,HCAL,HCAL,HCAL,HCAL,HCAL,HCAL,HCAL,HCAL,HCAL,HCAL
HCG,HCG,HCG,,,,,,,,
HCLN,HCLN,HCLN,HCLN,HCLN,HCLN,HCLN,HCLN,HCLN,HCLN,HCLN
HCON,HCON,HCON,HCON,HCON,HCON,HCON,HCON,HCON,HCON,HCON
HCRE,HCRE,HCRE,HCRE,HCRE,HCRE,HCRE,HCRE,HCRE,HCRE,HCRE
HDGE,HDGE,HDGE,HDGE,HDGE,HDGE,HDGE,HDGE,HDGE,HDGE,HDGE
HDI,HDI,HDI,,,,,,,,
HDIF,HDIF,HDIF,HDIF,HDIF,HDIF,HDIF,HDIF,HDIF,HDIF,HDIF
HDIV,HDIV,HDIV,HDIV,HDIV,HDIV,HDIV,HDIV,HDIV,HDIV,HDIV
HDOC,HDOC,HDOC,HDOC,HDOC,HDOC,HDOC,HDOC,HDOC,HDOC,HDOC
HEA,HEA,HEA,HEA,HEA,HEA,HEA,HEA,HEA,HEA,HEA
HEA-U,HEA-U,HEA-U,HEA-U,HEA-U,HEA-U,HEA-U,HEA-U,HEA-U,HEA-U,HEA-U
HEAL,HEAL,HEAL,HEAL,HEAL,HEAL,HEAL,HEAL,HEAL,HEAL,HEAL
HED,HED,HED,HED,HED,HED,HED,HED,HED,HED,HED
HEE,HEE,HEE,HEE,HEE,HEE,HEE,HEE,HEE,HEE,HEE
HEF,HEF,HEF,HEF,HEF,HEF,HEF,HEF,HEF,HEF,HEF
HEJ,HEJ,HEJ,HEJ,HEJ,HEJ,HEJ,HEJ,HEJ,HEJ,HEJ
HEMC,HEMC,HEMC,HEMC,HEMC,HEMC,HEMC,HEMC,HEMC,HEMC,HEMC
HEO,HEO,HEO,,,,,,,,
HEP,HEP,HEP,HEP,HEP,HEP,HEP,HEP,HEP,HEP,HEP
HERO,HERO,HERO,HERO,HERO,HERO,HERO,HERO,HERO,HERO,HERO
HESG,HESG,HESG,HESG,HESG,HESG,HESG,HESG,HESG,HESG,HESG
HEU,HEU,HEU,,,,,,,,
HEWB,HEWB,HEWB,HEWB,HEWB,HEWB,HEWB,HEWB,HEWB,HEWB,HEWB
HEX,HEX,HEX,HEX,HEX,HEX,HEX,HEX,HEX,HEX,HEX
HEXO,HEXO,HEXO,,,,,,,,
HFD,HFD,HFD,,,,,,,,
HFG,HFG,HFG,HFG,HFG,HFG,HFG,HFG,HFG,HFG,HFG
HFIN,HFIN,HFIN,HFIN,HFIN,HFIN,HFIN,HFIN,HFIN,HFIN,HFIN
HFP,HFP,HFP,HFP,HFP,HFP,HFP,HFP,HFP,HFP,HFP
HFPC-U,HFPC-U,HFPC-U,,,,,,,,
HFR,HFR,HFR,HFR,HFR,HFR,HFR,HFR,HFR,HFR,HFR
HFT,HFT,HFT,HFT,HFT,HFT,HFT,HFT,HFT,HFT,HFT
HFU,HFU,HFU,,,,,,,,
HGD,HGD,HGD,HGD,HGD,HGD,HGD,HGD,HGD,HGD,HGD
HGGB,HGGB,HGGB,HGGB,HGGB,HGGB,HGGB,HGGB,HGGB,HGGB,HGGB
HGGG,HGGG,HGGG,HGGG,HGGG,HGGG,HGGG,HGGG,HGGG,HGGG,HGGG
HGR,HGR,HGR,HGR,HGR,HGR,HGR,HGR,HGR,HGR,HGR
HGRO,HGRO,HGRO,HGRO,HGRO,HGRO,HGRO,HGRO,HGRO,HGRO,HGRO
HGU,HGU,HGU,,,,,,,,
HGY,HGY,HGY,,,,,,,,
HHL,HHL,HHL,HHL,HHL,HHL,HHL,HHL,HHL,HHL,HHL
HHL-B,HHL-B,HHL-B,HHL-B,HHL-B,HHL-B,HHL-B,HHL-B,HHL-B,HHL-B,HHL-B
HHL-U,HHL-U,HHL-U,HHL-U,HHL-U,HHL-U,HHL-U,HHL-U,HHL-U,HHL-U,HHL-U
HHLE,HHLE,HHLE,HHLE,HHLE,HHLE,HHLE,HHLE,HHLE,HHLE,HHLE
HIG,HIG,HIG,HIG,HIG,HIG,HIG,HIG,HIG,HIG,HIG
HISU-U,HISU-U,HISU-U,HISU-U,HISU-U,HISU-U,HISU-U,HISU-U,HISU-U,HISU-U,HISU-U
HIU,HIU,HIU,HIU,HIU,HIU,HIU,HIU,HIU,HIU,HIU
HIX,HIX,HIX,HIX,HIX,HIX,HIX,HIX,HIX,HIX,HIX
HLF,HLF,HLF,,,,,,,,
HLFE,HLFE,HLFE,HLFE,HLFE,HLFE,HLFE,HLFE,HLFE,HLFE,HLFE
HLIF,HLIF,HLIF,HLIF,HLIF,HLIF,HLIF,HLIF,HLIF,HLIF,HLIF
HLIT,HLIT,HLIT,HLIT,HLIT,HLIT,HLIT,HLIT,HLIT,HLIT,HLIT
HLPR,HLPR,HLPR,HLPR,HLPR,HLPR,HLPR,HLPR,HLPR,HLPR,HLPR
HLS,HLS,HLS,,,,,,,,
HMJI,HMJI,HMJI,HMJI,HMJI,HMJI,HMJI,HMJI,HMJI,HMJI,HMJI
HMJU,HMJU,HMJU,HMJU,HMJU,HMJU,HMJU,HMJU,HMJU,HMJU,HMJU
HMM-A,HMM-A,HMM-A,,,,,,,,
HMMJ,HMMJ,HMMJ,HMMJ,HMMJ,HMMJ,HMMJ,HMMJ,HMMJ,HMMJ,HMMJ
HMMJ-U,HMMJ-U,HMMJ-U,HMMJ-U,HMMJ-U,HMMJ-U,HMMJ-U,HMMJ-U,HMMJ-U,HMMJ-U,HMMJ-U
HMP,HMP,HMP,,,,,,,,
HND,HND,HND,,,,,,,,
HNU,HNU,HNU,HNU,HNU,HNU,HNU,HNU,HNU,HNU,HNU
HOD,HOD,HOD,HOD,HOD,HOD,HOD,HOD,HOD,HOD,HOD
HOG,HOG,HOG,HOG,HOG,HOG,HOG,HOG,HOG,HOG,HOG
HOM-U,HOM-U,HOM-U,,,,,,,,
HOM-UN,HOM-UN,HOM-UN,,,,,,,,
HOT-U,HOT-U,HOT-U,,,,,,,,
HOT-UN,HOT-UN,HOT-UN,,,,,,,,
HOU,HOU,HOU,HOU,HOU,HOU,HOU,HOU,HOU,HOU,HOU
HPF,HPF,HPF,HPF,HPF,HPF,HPF,HPF,HPF,HPF,HPF
HPF-U,HPF-U,HPF-U,HPF-U,HPF-U,HPF-U,HPF-U,HPF-U,HPF-U,HPF-U,HPF-U
HPR,HPR,HPR,,,,,,,,
HPS-A,HPS-A,HPS-A,,,,,,,,
HQD,HQD,HQD,HQD,HQD,HQD,HQD,HQD,HQD,HQD,HQD
HQD-U,HQD-U,HQD-U,HQD-U,HQD-U,HQD-U,HQD-U,HQD-U,HQD-U,HQD-U,HQD-U
HQU,HQU,HQU,HQU,HQU,HQU,HQU,HQU,HQU,HQU,HQU
HR-UN,HR-UN,HR-UN,,,,,,,,
HRAA,HRAA,HRAA,HRAA,HRAA,HRAA,HRAA,HRAA,HRAA,HRAA,HRAA
HRED,HRED,HRED,HRED,HRED,HRED,HRED,HRED,HRED,HRED,HRED
HREU,HREU,HREU,HREU,HREU,HREU,HREU,HREU,HREU,HREU,HREU
HRX,HRX,HRX,,,,,,,,
HSAV,HSAV,HSAV,HSAV,HSAV,HSAV,HSAV,HSAV,HSAV,HSAV,HSAV
HSD,HSD,HSD,HSD,HSD,HSD,HSD,HSD,HSD,HSD,HSD
HSH,HSH,HSH,HSH,HSH,HSH,HSH,HSH,HSH,HSH,HSH
HSL,HSL,HSL,HSL,HSL,HSL,HSL,HSL,HSL,HSL,HSL
HSU,HSU,HSU,HSU,HSU,HSU,HSU,HSU,HSU,HSU,HSU
HSUV-U,HSUV-U,HSUV-U,HSUV-U,HSUV-U,HSUV-U,HSUV-U,HSUV-U,HSUV-U,HSUV-U,HSUV-U
HTA,HTA,HTA,HTA,HTA,HTA,HTA,HTA,HTA,HTA,HTA
HTA-B,HTA-B,HTA-B,HTA-B,HTA-B,HTA-B,HTA-B,HTA-B,HTA-B,HTA-B,HTA-B
HTA-U,HTA-U,HTA-U,HTA-U,HTA-U,HTA-U,HTA-U,HTA-U,HTA-U,HTA-U,HTA-U
HTAE,HTAE,HTAE,HTAE,HTAE,HTAE,HTAE,HTAE,HTAE,HTAE,HTAE
HTB,HTB,HTB,HTB,HTB,HTB,HTB,HTB,HTB,HTB,HTB
HTB-U,HTB-U,HTB-U,HTB-U,HTB-U,HTB-U,HTB-U,HTB-U,HTB-U,HTB-U,HTB-U
HUBL,HUBL,HUBL,HUBL,HUBL,HUBL,HUBL,HUBL,HUBL,HUBL,HUBL
HUBL-U,HUBL-U,HUBL-U,HUBL-U,HUBL-U,HUBL-U,HUBL-U,HUBL-U,HUBL-U,HUBL-U,HUBL-U
HUC,HUC,HUC,HUC,HUC,HUC,HUC,HUC,HUC,HUC,HUC
HUF,HUF,HUF,HUF,HUF,HUF,HUF,HUF,HUF,HUF,HUF
HUF-U,HUF-U,HUF-U,HUF-U,HUF-U,HUF-U,HUF-U,HUF-U,HUF-U,HUF-U,HUF-U
HUG,HUG,HUG,HUG,HUG,HUG,HUG,HUG,HUG,HUG,HUG
HULC,HULC,HULC,HULC,HULC,HULC,HULC,HULC,HULC,HULC,HULC
HULC-U,HULC-U,HULC-U,HULC-U,HULC-U,HULC-U,HULC-U,HULC-U,HULC-U,HULC-U,HULC-U
HUM,HUM,HUM,HUM,HUM,HUM,HUM,HUM,HUM,HUM,HUM
HUM-U,HUM-U,HUM-U,HUM-U,HUM-U,HUM-U,HUM-U,HUM-U,HUM-U,HUM-U,HUM-U
HUN,HUN,HUN,HUN,HUN,HUN,HUN,HUN,HUN,HUN,HUN
HURA,HURA,HURA,HURA,HURA,HURA,HURA,HURA,HURA,HURA,HURA
HUT,HUT,HUT,,,,,,,,
HUTE,HUTE,HUTE,HUTE,HUTE,HUTE,HUTE,HUTE,HUTE,HUTE,HUTE
HUTL,HUTL,HUTL,,,,,,,,
HUTS,HUTS,HUTS,HUTS,HUTS,HUTS,HUTS,HUTS,HUTS,HUTS,HUTS
HUV,HUV,HUV,HUV,HUV,HUV,HUV,HUV,HUV,HUV,HUV
HUZ,HUZ,HUZ,,,,,,,,
HVAX,HVAX,HVAX,HVAX,HVAX,HVAX,HVAX,HVAX,HVAX,HVAX,HVAX
HWF,HWF,HWF,HWF,HWF,HWF,HWF,HWF,HWF,HWF,HWF
HWO,HWO,HWO,,,,,,,,
HWX,HWX,HWX,,,,,,,,
HXCN,HXCN,HXCN,HXCN,HXCN,HXCN,HXCN,HXCN,HXCN,HXCN,HXCN
HXD,HXD,HXD,HXD,HXD,HXD,HXD,HXD,HXD,HXD,HXD
HXDM,HXDM,HXDM,HXDM,HXDM,HXDM,HXDM,HXDM,HXDM,HXDM,HXDM
HXDM-U,HXDM-U,HXDM-U,HXDM-U,HXDM-U,HXDM-U,HXDM-U,HXDM-U,HXDM-U,HXDM-U,HXDM-U
HXE,HXE,HXE,,,,,,,,
HXEM,HXEM,HXEM,HXEM,HXEM,HXEM,HXEM,HXEM,HXEM,HXEM,HXEM
HXF,HXF,HXF,HXF,HXF,HXF,HXF,HXF,HXF,HXF,HXF
HXH,HXH,HXH,HXH,HXH,HXH,HXH,HXH,HXH,HXH,HXH
HXQ,HXQ,HXQ,HXQ,HXQ,HXQ,HXQ,HXQ,HXQ,HXQ,HXQ
HXQ-U,HXQ-U,HXQ-U,HXQ-U,HXQ-U,HXQ-U,HXQ-U,HXQ-U,HXQ-U,HXQ-U,HXQ-U
HXS,HXS,HXS,HXS,HXS,HXS,HXS,HXS,HXS,HXS,HXS
HXT,HXT,HXT,HXT,HXT,HXT,HXT,HXT,HXT,HXT,HXT
HXT-U,HXT-U,HXT-U,HXT-U,HXT-U,HXT-U,HXT-U,HXT-U,HXT-U,HXT-U,HXT-U
HXU,HXU,HXU,,,,,,,,
HXX,HXX,HXX,,,,,,,,
HYBR,HYBR,HYBR,HYBR,HYBR,HYBR,HYBR,HYBR,HYBR,HYBR,HYBR
HYDR,HYDR,HYDR,HYDR,HYDR,HYDR,HYDR,HYDR,HYDR,HYDR,HYDR
HYI,HYI,HYI,,,,,,,,
HYLD,HYLD,HYLD,HYLD,HYLD,HYLD,HYLD,HYLD,HYLD,HYLD,HYLD
HYLD-U,HYLD-U,HYLD-U,HYLD-U,HYLD-U,HYLD-U,HYLD-U,HYLD-U,HYLD-U,HYLD-U,HYLD-U
HZD,HZD,HZD,,,,,,,,
HZM,HZM,HZM,,,,,,,,
HZU,HZU,HZU,,,,,,,,
IAF-PB,IAF-PB,IAF-PB,,,,,,,,
IAF-PI,IAF-PI,IAF-PI,,,,,,,,
IAG,IAG,IAG,,,,,,,,
IAU,IAU,IAU,,,,,,,,
ICE,ICE,ICE,,,,,,,,
ICPB,ICPB,ICPB,ICPB,ICPB,ICPB,ICPB,ICPB,ICPB,ICPB,ICPB
ICTE,ICTE,ICTE,ICTE,ICTE,ICTE,ICTE,ICTE,ICTE,ICTE,ICTE
IDEF-B,IDEF-B,IDEF-B,IDEF-B,IDEF-B,IDEF-B,IDEF-B,IDEF-B,IDEF-B,IDEF-B,IDEF-B
IDG,IDG,IDG,,,,,,,,
IDIV-B,IDIV-B,IDIV-B,IDIV-B,IDIV-B,IDIV-B,IDIV-B,IDIV-B,IDIV-B,IDIV-B,IDIV-B
IDR,IDR,IDR,IDR,IDR,IDR,IDR,IDR,IDR,IDR,IDR
IFA,IFA,IFA,,,,,,,,
IFC,IFC,IFC,,,,,,,,
IFC-PA,IFC-PA,IFC-PA,,,,,,,,
IFC-PC,IFC-PC,IFC-PC,,,,,,,,
IFC-PE,IFC-PE,IFC-PE,,,,,,,,
IFC-PF,IFC-PF,IFC-PF,,,,,,,,
IFC-PG,IFC-PG,IFC-PG,,,,,,,,
IFC-PI,IFC-PI,IFC-PI,,,,,,,,
IFP,IFP,IFP,,,,,,,,
IFRF,IFRF,IFRF,IFRF,IFRF,IFRF,IFRF,IFRF,IFRF,IFRF,IFRF
IGAF,IGAF,IGAF,IGAF,IGAF,IGAF,IGAF,IGAF,IGAF,IGAF,IGAF
IGB,IGB,IGB,IGB,IGB,IGB,IGB,IGB,IGB,IGB,IGB
IGCF,IGCF,IGCF,IGCF,IGCF,IGCF,IGCF,IGCF,IGCF,IGCF,IGCF
IGM,IGM,IGM,,,,,,,,
IGX,IGX,IGX,,,,,,,,
IICE,IICE,IICE,IICE,IICE,IICE,IICE,IICE,IICE,IICE,IICE
III,III,III,,,,,,,,
IIP-UN,IIP-UN,IIP-UN,,,,,,,,
IITE,IITE,IITE,IITE,IITE,IITE,IITE,IITE,IITE,IITE,IITE
ILGB,ILGB,ILGB,ILGB,ILGB,ILGB,ILGB,ILGB,ILGB,ILGB,ILGB
ILV,ILV,ILV,ILV,ILV,ILV,ILV,ILV,ILV,ILV,ILV
IMG,IMG,IMG,,,,,,,,
IMO,IMO,IMO,,,,,,,,
IMP,IMP,IMP,,,,,,,,
IMV,IMV,IMV,,,,,,,,
INC-UN,INC-UN,INC-UN,,,,,,,,
INCR-U,INCR-U,INCR-U,,,,,,,,
INE,INE,INE,,,,,,,,
INE-PA,INE-PA,INE-PA,,,,,,,,
INE-PC,INE-PC,INE-PC,,,,,,,,
INO-UN,INO-UN,INO-UN,,,,,,,,
INOC,INOC,INOC,INOC,INOC,INOC,INOC,INOC,INOC,INOC,INOC
INQ,INQ,INQ,,,,,,,,
IPCI,IPCI,IPCI,,,,,,,,
IPCO,IPCO,IPCO,,,,,,,,
IPO,IPO,IPO,,,,,,,,
IQD,IQD,IQD,IQD,IQD,IQD,IQD,IQD,IQD,IQD,IQD
IQD-B,IQD-B,IQD-B,IQD-B,IQD-B,IQD-B,IQD-B,IQD-B,IQD-B,IQD-B,IQD-B
ISIF,ISIF,ISIF,ISIF,ISIF,ISIF,ISIF,ISIF,ISIF,ISIF,ISIF
ISTE,ISTE,ISTE,ISTE,ISTE,ISTE,ISTE,ISTE,ISTE,ISTE,ISTE
ISV,ISV,ISV,,,,,,,,
ITE,ITE,ITE,,,,,,,,
ITH,ITH,ITH,,,,,,,,
IUCE,IUCE,IUCE,IUCE,IUCE,IUCE,IUCE,IUCE,IUCE,IUCE,IUCE
IUTE,IUTE,IUTE,IUTE,IUTE,IUTE,IUTE,IUTE,IUTE,IUTE,IUTE
IVN,IVN,IVN,,,,,,,,
IVQ,IVQ,IVQ,,,,,,,,
IWBE,IWBE,IWBE,IWBE,IWBE,IWBE,IWBE,IWBE,IWBE,IWBE,IWBE
IXTE,IXTE,IXTE,IXTE,IXTE,IXTE,IXTE,IXTE,IXTE,IXTE,IXTE
JAG,JAG,JAG,,,,,,,,
JAPN,JAPN,JAPN,JAPN,JAPN,JAPN,JAPN,JAPN,JAPN,JAPN,JAPN
JAPN-B,JAPN-B,JAPN-B,JAPN-B,JAPN-B,JAPN-B,JAPN-B,JAPN-B,JAPN-B,JAPN-B,JAPN-B
JFS-UN,JFS-UN,JFS-UN,JFS-UN,JFS-UN,JFS-UN,JFS-UN,JFS-UN,JFS-UN,JFS-UN,JFS-UN
JOY,JOY,JOY,,,,,,,,
JWEL,JWEL,JWEL,,,,,,,,
K,K,K,,,,,,,,
KBL,KBL,KBL,,,,,,,,
KEC,KEC,KEC,,,,,,,,
KEG-UN,KEG-UN,KEG-UN,KEG-UN,KEG-UN,KEG-UN,KEG-UN,KEG-UN,KEG-UN,KEG-UN,KEG-UN
KEI,KEI,KEI,,,,,,,,
KEL,KEL,KEL,,,,,,,,
KEY,KEY,KEY,,,,,,,,
KILO,KILO,KILO,KILO,KILO,KILO,KILO,KILO,KILO,KILO,KILO
KILO-B,KILO-B,KILO-B,KILO-B,KILO-B,KILO-B,KILO-B,KILO-B,KILO-B,KILO-B,KILO-B
KILO-U,KILO-U,KILO-U,KILO-U,KILO-U,KILO-U,KILO-U,KILO-U,KILO-U,KILO-U,KILO-U
KITS,KITS,KITS,,,,,,,,
KLS,KLS,KLS,,,,,,,,
KML-PA,KML-PA,KML-PA,,,,,,,,
KML-PC,KML-PC,KML-PC,,,,,,,,
KMP-UN,KMP-UN,KMP-UN,,,,,,,,
KNT,KNT,KNT,,,,,,,,
KPT,KPT,KPT,,,,,,,,
KRN,KRN,KRN,,,,,,,,
KRR,KRR,KRR,,,,,,,,
KSI,KSI,KSI,,,,,,,,
KXS,KXS,KXS,,,,,,,,
L,L,L,,,,,,,,
L-PB,L-PB,L-PB,,,,,,,,
LABS,LABS,LABS,,,,,,,,
LAC,LAC,LAC,,,,,,,,
LAM,LAM,LAM,,,,,,,,
LAS-A,LAS-A,LAS-A,,,,,,,,
LB,LB,LB,,,,,,,,
LB-PH,LB-PH,LB-PH,,,,,,,,
LBS,LBS,LBS,,,,,,,,
LBS-PA,LBS-PA,LBS-PA,,,,,,,,
LCS,LCS,LCS,,,,,,,,
LCS-PA,LCS-PA,LCS-PA,,,,,,,,
LEAD,LEAD,LEAD,,,,,,,,
LEAD-B,LEAD-B,LEAD-B,LEAD-B,LEAD-B,LEAD-B,LEAD-B,LEAD-B,LEAD-B,LEAD-B,LEAD-B
LEAD-U,LEAD-U,LEAD-U,LEAD-U,LEAD-U,LEAD-U,LEAD-U,LEAD-U,LEAD-U,LEAD-U,LEAD-U
LEV,LEV,LEV,,,,,,,,
LFE,LFE,LFE,,,,,,,,
LFE-PB,LFE-PB,LFE-PB,,,,,,,,
LGD,LGD,LGD,,,,,,,,
LGO,LGO,LGO,,,,,,,,
LGT-A,LGT-A,LGT-A,,,,,,,,
LIF,LIF,LIF,,,,,,,,
LIFE,LIFE,LIFE,,,,,,,,
LIFE-B,LIFE-B,LIFE-B,LIFE-B,LIFE-B,LIFE-B,LIFE-B,LIFE-B,LIFE-B,LIFE-B,LIFE-B
LIFE-U,LIFE-U,LIFE-U,LIFE-U,LIFE-U,LIFE-U,LIFE-U,LIFE-U,LIFE-U,LIFE-U,LIFE-U
LN,LN,LN,,,,,,,,
LNF,LNF,LNF,,,,,,,,
LNR,LNR,LNR,,,,,,,,
LONG,LONG,LONG,LONG,LONG,LONG,LONG,LONG,LONG,LONG,LONG
LPEN,LPEN,LPEN,,,,,,,,
LS,LS,LS,LS,LS,LS,LS,LS,LS,LS,LS
LSPD,LSPD,LSPD,,,,,,,,
LUC,LUC,LUC,,,,,,,,
LUG,LUG,LUG,,,,,,,,
LUN,LUN,LUN,,,,,,,,
LXR,LXR,LXR,,,,,,,,
LYCT,LYCT,LYCT,,,,,,,,
LYFR,LYFR,LYFR,,,,,,,,
MAG,MAG,MAG,,,,,,,,
MAGT,MAGT,MAGT,,,,,,,,
MAL,MAL,MAL,,,,,,,,
MARI,MARI,MARI,,,,,,,,
MAV,MAV,MAV,,,,,,,,
MAW,MAW,MAW,,,,,,,,
MAXR,MAXR,MAXR,,,,,,,,
MBA,MBA,MBA,,,,,,,,
MBAL,MBAL,MBAL,MBAL,MBAL,MBAL,MBAL,MBAL,MBAL,MBAL,MBAL
MBX,MBX,MBX,,,,,,,,
MCB,MCB,MCB,,,,,,,,
MCLC,MCLC,MCLC,MCLC,MCLC,MCLC,MCLC,MCLC,MCLC,MCLC,MCLC
MCON,MCON,MCON,MCON,MCON,MCON,MCON,MCON,MCON,MCON,MCON
MCSB,MCSB,MCSB,MCSB,MCSB,MCSB,MCSB,MCSB,MCSB,MCSB,MCSB
MCSM,MCSM,MCSM,MCSM,MCSM,MCSM,MCSM,MCSM,MCSM,MCSM,MCSM
MDA,MDA,MDA,,,,,,,,
MDF,MDF,MDF,,,,,,,,
MDI,MDI,MDI,,,,,,,,
MDIV,MDIV,MDIV,MDIV,MDIV,MDIV,MDIV,MDIV,MDIV,MDIV,MDIV
MDNA,MDNA,MDNA,,,,,,,,
MDP,MDP,MDP,,,,,,,,
MDS-UN,MDS-UN,MDS-UN,MDS-UN,MDS-UN,MDS-UN,MDS-UN,MDS-UN,MDS-UN,MDS-UN,MDS-UN
MDVD,MDVD,MDVD,MDVD,MDVD,MDVD,MDVD,MDVD,MDVD,MDVD,MDVD
ME,ME,ME,,,,,,,,
MEE,MEE,MEE,MEE,MEE,MEE,MEE,MEE,MEE,MEE,MEE
MEG,MEG,MEG,,,,,,,,
MEME-B,MEME-B,MEME-B,MEME-B,MEME-B,MEME-B,MEME-B,MEME-B,MEME-B,MEME-B,MEME-B
MEQ,MEQ,MEQ,,,,,,,,
MESH,MESH,MESH,MESH,MESH,MESH,MESH,MESH,MESH,MESH,MESH
MEU,MEU,MEU,MEU,MEU,MEU,MEU,MEU,MEU,MEU,MEU
MFC,MFC,MFC,,,,,,,,
MFC-PB,MFC-PB,MFC-PB,,,,,,,,
MFC-PC,MFC-PC,MFC-PC,,,,,,,,
MFC-PF,MFC-PF,MFC-PF,,,,,,,,
MFC-PI,MFC-PI,MFC-PI,,,,,,,,
MFC-PJ,MFC-PJ,MFC-PJ,,,,,,,,
MFC-PK,MFC-PK,MFC-PK,,,,,,,,
MFC-PL,MFC-PL,MFC-PL,,,,,,,,
MFC-PM,MFC-PM,MFC-PM,,,,,,,,
MFC-PN,MFC-PN,MFC-PN,,,,,,,,
MFC-PP,MFC-PP,MFC-PP,,,,,,,,
MFC-PQ,MFC-PQ,MFC-PQ,,,,,,,,
MFC650,MFC650,MFC650,MFC650,MFC650,MFC650,MFC650,MFC650,MFC650,MFC650,MFC650
MFI,MFI,MFI,,,,,,,,
MFT,MFT,MFT,,,,,,,,
MG,MG,MG,,,,,,,,
MGA,MGA,MGA,,,,,,,,
MGAB,MGAB,MGAB,MGAB,MGAB,MGAB,MGAB,MGAB,MGAB,MGAB,MGAB
MGB,MGB,MGB,MGB,MGB,MGB,MGB,MGB,MGB,MGB,MGB
MGRW,MGRW,MGRW,MGRW,MGRW,MGRW,MGRW,MGRW,MGRW,MGRW,MGRW
MHC-U,MHC-U,MHC-U,,,,,,,,
MHCD,MHCD,MHCD,MHCD,MHCD,MHCD,MHCD,MHCD,MHCD,MHCD,MHCD
MI-UN,MI-UN,MI-UN,,,,,,,,
MIN,MIN,MIN,,,,,,,,
MINF,MINF,MINF,MINF,MINF,MINF,MINF,MINF,MINF,MINF,MINF
MINN,MINN,MINN,MINN,MINN,MINN,MINN,MINN,MINN,MINN,MINN
MINT,MINT,MINT,,,,,,,,
MINT-B,MINT-B,MINT-B,MINT-B,MINT-B,MINT-B,MINT-B,MINT-B,MINT-B,MINT-B,MINT-B
MIVG,MIVG,MIVG,MIVG,MIVG,MIVG,MIVG,MIVG,MIVG,MIVG,MIVG
MKB,MKB,MKB,MKB,MKB,MKB,MKB,MKB,MKB,MKB,MKB
MKC,MKC,MKC,MKC,MKC,MKC,MKC,MKC,MKC,MKC,MKC
MKP,MKP,MKP,,,,,,,,
MMP-UN,MMP-UN,MMP-UN,,,,,,,,
MMX,MMX,MMX,,,,,,,,
MND,MND,MND,,,,,,,,
MNO,MNO,MNO,,,,,,,,
MNS,MNS,MNS,,,,,,,,
MNT,MNT,MNT,,,,,,,,
MNT-U,MNT-U,MNT-U,,,,,,,,
MNY,MNY,MNY,,,,,,,,
MOGO,MOGO,MOGO,,,,,,,,
MOZ,MOZ,MOZ,,,,,,,,
MPC,MPC,MPC,,,,,,,,
MPC-C,MPC-C,MPC-C,,,,,,,,
MPCF,MPCF,MPCF,MPCF,MPCF,MPCF,MPCF,MPCF,MPCF,MPCF,MPCF
MPCT-UN,MPCT-UN,MPCT-UN,,,,,,,,
MPVD,MPVD,MPVD,,,,,,,,
MPY,MPY,MPY,,,,,,,,
MR-UN,MR-UN,MR-UN,,,,,,,,
MRC,MRC,MRC,,,,,,,,
MRD,MRD,MRD,,,,,,,,
MRE,MRE,MRE,,,,,,,,
MREL,MREL,MREL,MREL,MREL,MREL,MREL,MREL,MREL,MREL,MREL
MRG-UN,MRG-UN,MRG-UN,,,,,,,,
MRT-UN,MRT-UN,MRT-UN,,,,,,,,
MRU,MRU,MRU,,,,,,,,
MRV,MRV,MRV,,,,,,,,
MSA,MSA,MSA,,,,,,,,
MSRE-UN,MSRE-UN,MSRE-UN,MSRE-UN,MSRE-UN,MSRE-UN,MSRE-UN,MSRE-UN,MSRE-UN,MSRE-UN,MSRE-UN
MSV,MSV,MSV,,,,,,,,
MTAV,MTAV,MTAV,MTAV,MTAV,MTAV,MTAV,MTAV,MTAV,MTAV,MTAV
MTL,MTL,MTL,,,,,,,,
MTY,MTY,MTY,,,,,,,,
MUB,MUB,MUB,MUB,MUB,MUB,MUB,MUB,MUB,MUB,MUB
MULC,MULC,MULC,MULC,MULC,MULC,MULC,MULC,MULC,MULC,MULC
MULC-B,MULC-B,MULC-B,MULC-B,MULC-B,MULC-B,MULC-B,MULC-B,MULC-B,MULC-B,MULC-B
MUMC,MUMC,MUMC,MUMC,MUMC,MUMC,MUMC,MUMC,MUMC,MUMC,MUMC
MUMC-B,MUMC-B,MUMC-B,MUMC-B,MUMC-B,MUMC-B,MUMC-B,MUMC-B,MUMC-B,MUMC-B,MUMC-B
MUS,MUS,MUS,MUS,MUS,MUS,MUS,MUS,MUS,MUS,MUS
MUSA,MUSA,MUSA,MUSA,MUSA,MUSA,MUSA,MUSA,MUSA,MUSA,MUSA
MUSC,MUSC,MUSC,MUSC,MUSC,MUSC,MUSC,MUSC,MUSC,MUSC,MUSC
MUX,MUX,MUX,,,,,,,,
MVP,MVP,MVP,,,,,,,,
MWD,MWD,MWD,MWD,MWD,MWD,MWD,MWD,MWD,MWD,MWD
MX,MX,MX,,,,,,,,
MXG,MXG,MXG,,,,,,,,
MXU,MXU,MXU,,,,,,,,
NA,NA,NA,,,,,,,,
NA-PC,NA-PC,NA-PC,,,,,,,,
NA-PE,NA-PE,NA-PE,,,,,,,,
NA-PG,NA-PG,NA-PG,,,,,,,,
NA-PS,NA-PS,NA-PS,,,,,,,,
NA-PW,NA-PW,NA-PW,,,,,,,,
NALT,NALT,NALT,,,,,,,,
NANO,NANO,NANO,,,,,,,,
NB,NB,NB,,,,,,,,
NBAM,NBAM,NBAM,,,,,,,,
NCF,NCF,NCF,,,,,,,,
NCM,NCM,NCM,,,,,,,,
NCP,NCP,NCP,,,,,,,,
NCU,NCU,NCU,,,,,,,,
NDIV,NDIV,NDIV,NDIV,NDIV,NDIV,NDIV,NDIV,NDIV,NDIV,NDIV
NDM,NDM,NDM,,,,,,,,
NEO,NEO,NEO,,,,,,,,
NEXT,NEXT,NEXT,,,,,,,,
NFAM,NFAM,NFAM,,,,,,,,
NFI,NFI,NFI,,,,,,,,
NG,NG,NG,,,,,,,,
NGD,NGD,NGD,,,,,,,,
NGPE,NGPE,NGPE,NGPE,NGPE,NGPE,NGPE,NGPE,NGPE,NGPE,NGPE
NGT,NGT,NGT,,,,,,,,
NHF-UN,NHF-UN,NHF-UN,NHF-UN,NHF-UN,NHF-UN,NHF-UN,NHF-UN,NHF-UN,NHF-UN,NHF-UN
NHK,NHK,NHK,,,,,,,,
NHYB,NHYB,NHYB,NHYB,NHYB,NHYB,NHYB,NHYB,NHYB,NHYB,NHYB
NIF-UN,NIF-UN,NIF-UN,NIF-UN,NIF-UN,NIF-UN,NIF-UN,NIF-UN,NIF-UN,NIF-UN,NIF-UN
NINT,NINT,NINT,NINT,NINT,NINT,NINT,NINT,NINT,NINT,NINT
NOA,NOA,NOA,,,,,,,,
NOVB-F,NOVB-F,NOVB-F,NOVB-F,NOVB-F,NOVB-F,NOVB-F,NOVB-F,NOVB-F,NOVB-F,NOVB-F
NOVC,NOVC,NOVC,,,,,,,,
NPI,NPI,NPI,,,,,,,,
NPI-PA,NPI-PA,NPI-PA,,,,,,,,
NPI-PB,NPI-PB,NPI-PB,,,,,,,,
NPI-PC,NPI-PC,NPI-PC,,,,,,,,
NPK,NPK,NPK,,,,,,,,
NPRF,NPRF,NPRF,,,,,,,,
NREA,NREA,NREA,,,,,,,,
NSCB,NSCB,NSCB,NSCB,NSCB,NSCB,NSCB,NSCB,NSCB,NSCB,NSCB
NSCC,NSCC,NSCC,NSCC,NSCC,NSCC,NSCC,NSCC,NSCC,NSCC,NSCC
NSCE,NSCE,NSCE,NSCE,NSCE,NSCE,NSCE,NSCE,NSCE,NSCE,NSCE
NSGE,NSGE,NSGE,NSGE,NSGE,NSGE,NSGE,NSGE,NSGE,NSGE,NSGE
NSSB,NSSB,NSSB,NSSB,NSSB,NSSB,NSSB,NSSB,NSSB,NSSB,NSSB
NTR,NTR,NTR,,,,,,,,
NUAG,NUAG,NUAG,,,,,,,,
NUBF,NUBF,NUBF,NUBF,NUBF,NUBF,NUBF,NUBF,NUBF,NUBF,NUBF
NUMI,NUMI,NUMI,,,,,,,,
NUSA,NUSA,NUSA,NUSA,NUSA,NUSA,NUSA,NUSA,NUSA,NUSA,NUSA
NVA,NVA,NVA,,,,,,,,
NVCN,NVCN,NVCN,,,,,,,,
NVEI,NVEI,NVEI,,,,,,,,
NVO,NVO,NVO,,,,,,,,
NWC,NWC,NWC,,,,,,,,
NWH-UN,NWH-UN,NWH-UN,,,,,,,,
NXE,NXE,NXE,,,,,,,,
NXF,NXF,NXF,,,,,,,,
NXF-B,NXF-B,NXF-B,NXF-B,NXF-B,NXF-B,NXF-B,NXF-B,NXF-B,NXF-B,NXF-B
NXR-UN,NXR-UN,NXR-UN,,,,,,,,
NXTG,NXTG,NXTG,NXTG,NXTG,NXTG,NXTG,NXTG,NXTG,NXTG,NXTG
OBE,OBE,OBE,,,,,,,,
OGC,OGC,OGC,,,,,,,,
OGD,OGD,OGD,,,,,,,,
OGI,OGI,OGI,,,,,,,,
OLA,OLA,OLA,,,,,,,,
OLY,OLY,OLY,,,,,,,,
ONC,ONC,ONC,,,,,,,,
ONEB,ONEB,ONEB,ONEB,ONEB,ONEB,ONEB,ONEB,ONEB,ONEB,ONEB
ONEC,ONEC,ONEC,ONEC,ONEC,ONEC,ONEC,ONEC,ONEC,ONEC,ONEC
ONEQ,ONEQ,ONEQ,,,,,,,,
ONEX,ONEX,ONEX,,,,,,,,
OPS,OPS,OPS,,,,,,,,
OPT,OPT,OPT,,,,,,,,
OR,OR,OR,,,,,,,,
ORA,ORA,ORA,,,,,,,,
ORE,ORE,ORE,,,,,,,,
OREA,OREA,OREA,,,,,,,,
ORV,ORV,ORV,,,,,,,,
OSK,OSK,OSK,,,,,,,,
OSP,OSP,OSP,,,,,,,,
OSP-PA,OSP-PA,OSP-PA,,,,,,,,
OTEX,OTEX,OTEX,,,,,,,,
OVV,OVV,OVV,,,,,,,,
PAAS,PAAS,PAAS,,,,,,,,
PAT,PAT,PAT,,,,,,,,
PAYF,PAYF,PAYF,,,,,,,,
PBD,PBD,PBD,,,,,,,,
PBH,PBH,PBH,,,,,,,,
PBI,PBI,PBI,,,,,,,,
PBI-B,PBI-B,PBI-B,PBI-B,PBI-B,PBI-B,PBI-B,PBI-B,PBI-B,PBI-B,PBI-B
PBL,PBL,PBL,,,,,,,,
PBY-UN,PBY-UN,PBY-UN,PBY-UN,PBY-UN,PBY-UN,PBY-UN,PBY-UN,PBY-UN,PBY-UN,PBY-UN
PCOR,PCOR,PCOR,PCOR,PCOR,PCOR,PCOR,PCOR,PCOR,PCOR,PCOR
PD,PD,PD,,,,,,,,
PDC,PDC,PDC,PDC,PDC,PDC,PDC,PDC,PDC,PDC,PDC
PDF,PDF,PDF,,,,,,,,
PDIV,PDIV,PDIV,PDIV,PDIV,PDIV,PDIV,PDIV,PDIV,PDIV,PDIV
PDV,PDV,PDV,,,,,,,,
PDV-PA,PDV-PA,PDV-PA,,,,,,,,
PEA,PEA,PEA,,,,,,,,
PET,PET,PET,,,,,,,,
PEY,PEY,PEY,,,,,,,,
PFAA,PFAA,PFAA,PFAA,PFAA,PFAA,PFAA,PFAA,PFAA,PFAA,PFAA
PFAE,PFAE,PFAE,PFAE,PFAE,PFAE,PFAE,PFAE,PFAE,PFAE,PFAE
PFCB,PFCB,PFCB,,,,,,,,
PFH-F,PFH-F,PFH-F,PFH-F,PFH-F,PFH-F,PFH-F,PFH-F,PFH-F,PFH-F,PFH-F
PFIA,PFIA,PFIA,PFIA,PFIA,PFIA,PFIA,PFIA,PFIA,PFIA,PFIA
PFL,PFL,PFL,PFL,PFL,PFL,PFL,PFL,PFL,PFL,PFL
PFLS,PFLS,PFLS,PFLS,PFLS,PFLS,PFLS,PFLS,PFLS,PFLS,PFLS
PFMN,PFMN,PFMN,PFMN,PFMN,PFMN,PFMN,PFMN,PFMN,PFMN,PFMN
PFMS,PFMS,PFMS,PFMS,PFMS,PFMS,PFMS,PFMS,PFMS,PFMS,PFMS
PFSS,PFSS,PFSS,PFSS,PFSS,PFSS,PFSS,PFSS,PFSS,PFSS,PFSS
PGI-UN,PGI-UN,PGI-UN,PGI-UN,PGI-UN,PGI-UN,PGI-UN,PGI-UN,PGI-UN,PGI-UN,PGI-UN
PHE,PHE,PHE,,,,,,,,
PHE-B,PHE-B,PHE-B,PHE-B,PHE-B,PHE-B,PHE-B,PHE-B,PHE-B,PHE-B,PHE-B
PHW,PHW,PHW,,,,,,,,
PHX,PHX,PHX,,,,,,,,
PHYS,PHYS,PHYS,,,,,,,,
PHYS-U,PHYS-U,PHYS-U,,,,,,,,
PIC-A,PIC-A,PIC-A,,,,,,,,
PIC-PA,PIC-PA,PIC-PA,,,,,,,,
PID,PID,PID,PID,PID,PID,PID,PID,PID,PID,PID
PIF,PIF,PIF,,,,,,,,
PINC,PINC,PINC,PINC,PINC,PINC,PINC,PINC,PINC,PINC,PINC
PINV,PINV,PINV,PINV,PINV,PINV,PINV,PINV,PINV,PINV,PINV
PIPE,PIPE,PIPE,,,,,,,,
PIX-UN,PIX-UN,PIX-UN,PIX-UN,PIX-UN,PIX-UN,PIX-UN,PIX-UN,PIX-UN,PIX-UN,PIX-UN
PKI,PKI,PKI,,,,,,,,
PLC,PLC,PLC,,,,,,,,
PLDI,PLDI,PLDI,PLDI,PLDI,PLDI,PLDI,PLDI,PLDI,PLDI,PLDI
PLV,PLV,PLV,PLV,PLV,PLV,PLV,PLV,PLV,PLV,PLV
PLZ-UN,PLZ-UN,PLZ-UN,,,,,,,,
PMB-UN,PMB-UN,PMB-UN,PMB-UN,PMB-UN,PMB-UN,PMB-UN,PMB-UN,PMB-UN,PMB-UN,PMB-UN
PME,PME,PME,,,,,,,,
PMIF,PMIF,PMIF,PMIF,PMIF,PMIF,PMIF,PMIF,PMIF,PMIF,PMIF
PMIF-U,PMIF-U,PMIF-U,PMIF-U,PMIF-U,PMIF-U,PMIF-U,PMIF-U,PMIF-U,PMIF-U,PMIF-U
PMM,PMM,PMM,PMM,PMM,PMM,PMM,PMM,PMM,PMM,PMM
PMN,PMN,PMN,,,,,,,,
PMNT,PMNT,PMNT,PMNT,PMNT,PMNT,PMNT,PMNT,PMNT,PMNT,PMNT
PMT,PMT,PMT,,,,,,,,
PMZ-UN,PMZ-UN,PMZ-UN,,,,,,,,
PNC-A,PNC-A,PNC-A,,,,,,,,
PNC-B,PNC-B,PNC-B,,,,,,,,
PNE,PNE,PNE,,,,,,,,
PNP,PNP,PNP,,,,,,,,
POM,POM,POM,,,,,,,,
POU,POU,POU,,,,,,,,
POW,POW,POW,,,,,,,,
POW-PA,POW-PA,POW-PA,,,,,,,,
POW-PB,POW-PB,POW-PB,,,,,,,,
POW-PC,POW-PC,POW-PC,,,,,,,,
POW-PD,POW-PD,POW-PD,,,,,,,,
POW-PG,POW-PG,POW-PG,,,,,,,,
PPL,PPL,PPL,,,,,,,,
PPL-PA,PPL-PA,PPL-PA,,,,,,,,
PPL-PC,PPL-PC,PPL-PC,,,,,,,,
PPL-PE,PPL-PE,PPL-PE,,,,,,,,
PPL-PFA,PPL-PFA,PPL-PFA,,,,,,,,
PPL-PFE,PPL-PFE,PPL-PFE,,,,,,,,
PPL-PG,PPL-PG,PPL-PG,,,,,,,,
PPL-PI,PPL-PI,PPL-PI,,,,,,,,
PPL-PO,PPL-PO,PPL-PO,,,,,,,,
PPL-PQ,PPL-PQ,PPL-PQ,,,,,,,,
PPL-PS,PPL-PS,PPL-PS,,,,,,,,
PPR,PPR,PPR,,,,,,,,
PPTA,PPTA,PPTA,,,,,,,,
PR,PR,PR,PR,PR,PR,PR,PR,PR,PR,PR
PRA,PRA,PRA,PRA,PRA,PRA,PRA,PRA,PRA,PRA,PRA
PRM,PRM,PRM,,,,,,,,
PRM-PA,PRM-PA,PRM-PA,,,,,,,,
PRMW,PRMW,PRMW,,,,,,,,
PRN,PRN,PRN,,,,,,,,
PRP,PRP,PRP,PRP,PRP,PRP,PRP,PRP,PRP,PRP,PRP
PRQ,PRQ,PRQ,,,,,,,,
PRU,PRU,PRU,,,,,,,,
PRV-UN,PRV-UN,PRV-UN,,,,,,,,
PSA,PSA,PSA,PSA,PSA,PSA,PSA,PSA,PSA,PSA,PSA
PSB,PSB,PSB,PSB,PSB,PSB,PSB,PSB,PSB,PSB,PSB
PSD,PSD,PSD,,,,,,,,
PSI,PSI,PSI,,,,,,,,
PSK,PSK,PSK,,,,,,,,
PSLV,PSLV,PSLV,,,,,,,,
PSLV-U,PSLV-U,PSLV-U,,,,,,,,
PSU-U,PSU-U,PSU-U,PSU-U,PSU-U,PSU-U,PSU-U,PSU-U,PSU-U,PSU-U,PSU-U
PSY,PSY,PSY,PSY,PSY,PSY,PSY,PSY,PSY,PSY,PSY
PSY-U,PSY-U,PSY-U,PSY-U,PSY-U,PSY-U,PSY-U,PSY-U,PSY-U,PSY-U,PSY-U
PTB,PTB,PTB,PTB,PTB,PTB,PTB,PTB,PTB,PTB,PTB
PTI-UN,PTI-UN,PTI-UN,PTI-UN,PTI-UN,PTI-UN,PTI-UN,PTI-UN,PTI-UN,PTI-UN,PTI-UN
PTM,PTM,PTM,,,,,,,,
PTO-UN,PTO-UN,PTO-UN,PTO-UN,PTO-UN,PTO-UN,PTO-UN,PTO-UN,PTO-UN,PTO-UN,PTO-UN
PUD-B,PUD-B,PUD-B,PUD-B,PUD-B,PUD-B,PUD-B,PUD-B,PUD-B,PUD-B,PUD-B
PVS-PF,PVS-PF,PVS-PF,,,,,,,,
PVS-PG,PVS-PG,PVS-PG,,,,,,,,
PVS-PH,PVS-PH,PVS-PH,,,,,,,,
PVS-PI,PVS-PI,PVS-PI,,,,,,,,
PWF-PA,PWF-PA,PWF-PA,,,,,,,,
PWF-PE,PWF-PE,PWF-PE,,,,,,,,
PWF-PF,PWF-PF,PWF-PF,,,,,,,,
PWF-PG,PWF-PG,PWF-PG,,,,,,,,
PWF-PH,PWF-PH,PWF-PH,,,,,,,,
PWF-PK,PWF-PK,PWF-PK,,,,,,,,
PWF-PL,PWF-PL,PWF-PL,,,,,,,,
PWF-PO,PWF-PO,PWF-PO,,,,,,,,
PWF-PP,PWF-PP,PWF-PP,,,,,,,,
PWF-PQ,PWF-PQ,PWF-PQ,,,,,,,,
PWF-PR,PWF-PR,PWF-PR,,,,,,,,
PWF-PS,PWF-PS,PWF-PS,,,,,,,,
PWF-PT,PWF-PT,PWF-PT,,,,,,,,
PWF-PZ,PWF-PZ,PWF-PZ,,,,,,,,
PWI,PWI,PWI,,,,,,,,
PXC,PXC,PXC,PXC,PXC,PXC,PXC,PXC,PXC,PXC,PXC
PXG,PXG,PXG,,,,,,,,
PXG-U,PXG-U,PXG-U,PXG-U,PXG-U,PXG-U,PXG-U,PXG-U,PXG-U,PXG-U,PXG-U
PXS,PXS,PXS,,,,,,,,
PXT,PXT,PXT,,,,,,,,
PXU-F,PXU-F,PXU-F,PXU-F,PXU-F,PXU-F,PXU-F,PXU-F,PXU-F,PXU-F,PXU-F
PYF,PYF,PYF,,,,,,,,
PYF-B,PYF-B,PYF-B,PYF-B,PYF-B,PYF-B,PYF-B,PYF-B,PYF-B,PYF-B,PYF-B
PYF-U,PYF-U,PYF-U,PYF-U,PYF-U,PYF-U,PYF-U,PYF-U,PYF-U,PYF-U,PYF-U
PYR,PYR,PYR,,,,,,,,
PZA,PZA,PZA,,,,,,,,
PZC,PZC,PZC,PZC,PZC,PZC,PZC,PZC,PZC,PZC,PZC
PZW,PZW,PZW,PZW,PZW,PZW,PZW,PZW,PZW,PZW,PZW
PZW-F,PZW-F,PZW-F,PZW-F,PZW-F,PZW-F,PZW-F,PZW-F,PZW-F,PZW-F,PZW-F
PZW-U,PZW-U,PZW-U,PZW-U,PZW-U,PZW-U,PZW-U,PZW-U,PZW-U,PZW-U,PZW-U
QAH,QAH,QAH,QAH,QAH,QAH,QAH,QAH,QAH,QAH,QAH
QBB,QBB,QBB,QBB,QBB,QBB,QBB,QBB,QBB,QBB,QBB
QBR-A,QBR-A,QBR-A,,,,,,,,
QBR-B,QBR-B,QBR-B,,,,,,,,
QBTC,QBTC,QBTC,,,,,,,,
QBTC-U,QBTC-U,QBTC-U,,,,,,,,
QBTL,QBTL,QBTL,QBTL,QBTL,QBTL,QBTL,QBTL,QBTL,QBTL,QBTL
QCD,QCD,QCD,,,,,,,,
QCE,QCE,QCE,QCE,QCE,QCE,QCE,QCE,QCE,QCE,QCE
QCLN,QCLN,QCLN,QCLN,QCLN,QCLN,QCLN,QCLN,QCLN,QCLN,QCLN
QCN,QCN,QCN,QCN,QCN,QCN,QCN,QCN,QCN,QCN,QCN
QDX,QDX,QDX,QDX,QDX,QDX,QDX,QDX,QDX,QDX,QDX
QDXB,QDXB,QDXB,QDXB,QDXB,QDXB,QDXB,QDXB,QDXB,QDXB,QDXB
QDXH,QDXH,QDXH,QDXH,QDXH,QDXH,QDXH,QDXH,QDXH,QDXH,QDXH
QEBH,QEBH,QEBH,QEBH,QEBH,QEBH,QEBH,QEBH,QEBH,QEBH,QEBH
QEBL,QEBL,QEBL,QEBL,QEBL,QEBL,QEBL,QEBL,QEBL,QEBL,QEBL
QEC,QEC,QEC,,,,,,,,
QEE,QEE,QEE,QEE,QEE,QEE,QEE,QEE,QEE,QEE,QEE
QEM,QEM,QEM,,,,,,,,
QETH-U,QETH-U,QETH-U,QETH-U,QETH-U,QETH-U,QETH-U,QETH-U,QETH-U,QETH-U,QETH-U
QETH-UN,QETH-UN,QETH-UN,QETH-UN,QETH-UN,QETH-UN,QETH-UN,QETH-UN,QETH-UN,QETH-UN,QETH-UN
QFOR,QFOR,QFOR,,,,,,,,
QHY,QHY,QHY,QHY,QHY,QHY,QHY,QHY,QHY,QHY,QHY
QIE,QIE,QIE,,,,,,,,
QINF,QINF,QINF,QINF,QINF,QINF,QINF,QINF,QINF,QINF,QINF
QQC-F,QQC-F,QQC-F,QQC-F,QQC-F,QQC-F,QQC-F,QQC-F,QQC-F,QQC-F,QQC-F
QQCC,QQCC,QQCC,QQCC,QQCC,QQCC,QQCC,QQCC,QQCC,QQCC,QQCC
QQCE,QQCE,QQCE,QQCE,QQCE,QQCE,QQCE,QQCE,QQCE,QQCE,QQCE
QQEQ,QQEQ,QQEQ,QQEQ,QQEQ,QQEQ,QQEQ,QQEQ,QQEQ,QQEQ,QQEQ
QQJE,QQJE,QQJE,QQJE,QQJE,QQJE,QQJE,QQJE,QQJE,QQJE,QQJE
QQJR,QQJR,QQJR,QQJR,QQJR,QQJR,QQJR,QQJR,QQJR,QQJR,QQJR
QRC,QRC,QRC,,,,,,,,
QRET,QRET,QRET,QRET,QRET,QRET,QRET,QRET,QRET,QRET,QRET
QSB,QSB,QSB,QSB,QSB,QSB,QSB,QSB,QSB,QSB,QSB
QSP-UN,QSP-UN,QSP-UN,,,,,,,,
QSR,QSR,QSR,,,,,,,,
QTRH,QTRH,QTRH,,,,,,,,
QUB,QUB,QUB,QUB,QUB,QUB,QUB,QUB,QUB,QUB,QUB
QUIG,QUIG,QUIG,QUIG,QUIG,QUIG,QUIG,QUIG,QUIG,QUIG,QUIG
QUS,QUS,QUS,,,,,,,,
QUU,QUU,QUU,QUU,QUU,QUU,QUU,QUU,QUU,QUU,QUU
QUU-U,QUU-U,QUU-U,QUU-U,QUU-U,QUU-U,QUU-U,QUU-U,QUU-U,QUU-U,QUU-U
QXM,QXM,QXM,,,,,,,,
RA-UN,RA-UN,RA-UN,RA-UN,RA-UN,RA-UN,RA-UN,RA-UN,RA-UN,RA-UN,RA-UN
RATE,RATE,RATE,RATE,RATE,RATE,RATE,RATE,RATE,RATE,RATE
RAY-A,RAY-A,RAY-A,,,,,,,,
RAY-B,RAY-B,RAY-B,,,,,,,,
RBA,RBA,RBA,,,,,,,,
RBN-UN,RBN-UN,RBN-UN,RBN-UN,RBN-UN,RBN-UN,RBN-UN,RBN-UN,RBN-UN,RBN-UN,RBN-UN
RBNK,RBNK,RBNK,RBNK,RBNK,RBNK,RBNK,RBNK,RBNK,RBNK,RBNK
RBO,RBO,RBO,,,,,,,,
RBOT,RBOT,RBOT,RBOT,RBOT,RBOT,RBOT,RBOT,RBOT,RBOT,RBOT
RBY,RBY,RBY,,,,,,,,
RCD,RCD,RCD,RCD,RCD,RCD,RCD,RCD,RCD,RCD,RCD
RCE,RCE,RCE,,,,,,,,
RCG,RCG,RCG,,,,,,,,
RCG-PB,RCG-PB,RCG-PB,,,,,,,,
RCH,RCH,RCH,,,,,,,,
RCI-A,RCI-A,RCI-A,,,,,,,,
RCI-B,RCI-B,RCI-B,,,,,,,,
REAL,REAL,REAL,,,,,,,,
REAX,REAX,REAX,,,,,,,,
REI-UN,REI-UN,REI-UN,,,,,,,,
REIT,REIT,REIT,REIT,REIT,REIT,REIT,REIT,REIT,REIT,REIT
REUN,REUN,REUN,,,,,,,,
RFP,RFP,RFP,,,,,,,,
RIB-UN,RIB-UN,RIB-UN,RIB-UN,RIB-UN,RIB-UN,RIB-UN,RIB-UN,RIB-UN,RIB-UN,RIB-UN
RID,RID,RID,,,,,,,,
RID-U,RID-U,RID-U,RID-U,RID-U,RID-U,RID-U,RID-U,RID-U,RID-U,RID-U
RIDH,RIDH,RIDH,,,,,,,,
RIE,RIE,RIE,,,,,,,,
RIFI,RIFI,RIFI,RIFI,RIFI,RIFI,RIFI,RIFI,RIFI,RIFI,RIFI
RIIN,RIIN,RIIN,RIIN,RIIN,RIIN,RIIN,RIIN,RIIN,RIIN,RIIN
RIRA,RIRA,RIRA,RIRA,RIRA,RIRA,RIRA,RIRA,RIRA,RIRA,RIRA
RIT,RIT,RIT,RIT,RIT,RIT,RIT,RIT,RIT,RIT,RIT
RNW,RNW,RNW,,,,,,,,
ROOT,ROOT,ROOT,,,,,,,,
RPD,RPD,RPD,,,,,,,,
RPD-U,RPD-U,RPD-U,RPD-U,RPD-U,RPD-U,RPD-U,RPD-U,RPD-U,RPD-U,RPD-U
RPDH,RPDH,RPDH,RPDH,RPDH,RPDH,RPDH,RPDH,RPDH,RPDH,RPDH
RPF,RPF,RPF,RPF,RPF,RPF,RPF,RPF,RPF,RPF,RPF
RPI-UN,RPI-UN,RPI-UN,RPI-UN,RPI-UN,RPI-UN,RPI-UN,RPI-UN,RPI-UN,RPI-UN,RPI-UN
RPSB,RPSB,RPSB,RPSB,RPSB,RPSB,RPSB,RPSB,RPSB,RPSB,RPSB
RQK,RQK,RQK,RQK,RQK,RQK,RQK,RQK,RQK,RQK,RQK
RQL,RQL,RQL,RQL,RQL,RQL,RQL,RQL,RQL,RQL,RQL
RQO,RQO,RQO,RQO,RQO,RQO,RQO,RQO,RQO,RQO,RQO
RQP,RQP,RQP,RQP,RQP,RQP,RQP,RQP,RQP,RQP,RQP
RQQ,RQQ,RQQ,RQQ,RQQ,RQQ,RQQ,RQQ,RQQ,RQQ,RQQ
RQR,RQR,RQR,RQR,RQR,RQR,RQR,RQR,RQR,RQR,RQR
RS,RS,RS,,,,,,,,
RS-PA,RS-PA,RS-PA,,,,,,,,
RSI,RSI,RSI,,,,,,,,
RTG,RTG,RTG,,,,,,,,
RUBH,RUBH,RUBH,,,,,,,,
RUBY,RUBY,RUBY,RUBY,RUBY,RUBY,RUBY,RUBY,RUBY,RUBY,RUBY
RUBY-U,RUBY-U,RUBY-U,RUBY-U,RUBY-U,RUBY-U,RUBY-U,RUBY-U,RUBY-U,RUBY-U,RUBY-U
RUD,RUD,RUD,,,,,,,,
RUD-U,RUD-U,RUD-U,RUD-U,RUD-U,RUD-U,RUD-U,RUD-U,RUD-U,RUD-U,RUD-U
RUDH,RUDH,RUDH,,,,,,,,
RUE,RUE,RUE,,,,,,,,
RUE-U,RUE-U,RUE-U,RUE-U,RUE-U,RUE-U,RUE-U,RUE-U,RUE-U,RUE-U,RUE-U
RUEH,RUEH,RUEH,RUEH,RUEH,RUEH,RUEH,RUEH,RUEH,RUEH,RUEH
RUP,RUP,RUP,,,,,,,,
RUS,RUS,RUS,,,,,,,,
RUSB,RUSB,RUSB,RUSB,RUSB,RUSB,RUSB,RUSB,RUSB,RUSB,RUSB
RVX,RVX,RVX,,,,,,,,
RWE,RWE,RWE,RWE,RWE,RWE,RWE,RWE,RWE,RWE,RWE
RWE-B,RWE-B,RWE-B,RWE-B,RWE-B,RWE-B,RWE-B,RWE-B,RWE-B,RWE-B,RWE-B
RWW,RWW,RWW,,,,,,,,
RWW-B,RWW-B,RWW-B,RWW-B,RWW-B,RWW-B,RWW-B,RWW-B,RWW-B,RWW-B,RWW-B
RWX,RWX,RWX,RWX,RWX,RWX,RWX,RWX,RWX,RWX,RWX
RWX-B,RWX-B,RWX-B,RWX-B,RWX-B,RWX-B,RWX-B,RWX-B,RWX-B,RWX-B,RWX-B
RXD,RXD,RXD,,,,,,,,
RXE,RXE,RXE,RXE,RXE,RXE,RXE,RXE,RXE,RXE,RXE
RY,RY,RY,,,,,,,,
RY-PH,RY-PH,RY-PH,,,,,,,,
RY-PJ,RY-PJ,RY-PJ,,,,,,,,
RY-PM,RY-PM,RY-PM,,,,,,,,
RY-PN,RY-PN,RY-PN,,,,,,,,
RY-PO,RY-PO,RY-PO,,,,,,,,
RY-PS,RY-PS,RY-PS,,,,,,,,
RY-PZ,RY-PZ,RY-PZ,,,,,,,,
S,S,S,,,,,,,,
SAM,SAM,SAM,,,,,,,,
SAP,SAP,SAP,,,,,,,,
SAU,SAU,SAU,,,,,,,,
SBB,SBB,SBB,,,,,,,,
SBC,SBC,SBC,,,,,,,,
SBC-PA,SBC-PA,SBC-PA,,,,,,,,
SBI,SBI,SBI,,,,,,,,
SBN,SBN,SBN,,,,,,,,
SBN-PA,SBN-PA,SBN-PA,,,,,,,,
SBR,SBR,SBR,,,,,,,,
SBT,SBT,SBT,SBT,SBT,SBT,SBT,SBT,SBT,SBT,SBT
SBT-B,SBT-B,SBT-B,SBT-B,SBT-B,SBT-B,SBT-B,SBT-B,SBT-B,SBT-B,SBT-B
SBT-U,SBT-U,SBT-U,SBT-U,SBT-U,SBT-U,SBT-U,SBT-U,SBT-U,SBT-U,SBT-U
SCL,SCL,SCL,,,,,,,,
SCY,SCY,SCY,,,,,,,,
SDE,SDE,SDE,,,,,,,,
SEA,SEA,SEA,,,,,,,,
SEC,SEC,SEC,,,,,,,,
SES,SES,SES,,,,,,,,
SFC,SFC,SFC,,,,,,,,
SFD,SFD,SFD,,,,,,,,
SFI,SFI,SFI,,,,,,,,
SGLD,SGLD,SGLD,,,,,,,,
SGNL,SGNL,SGNL,,,,,,,,
SGQ,SGQ,SGQ,,,,,,,,
SGR-U,SGR-U,SGR-U,,,,,,,,
SGR-UN,SGR-UN,SGR-UN,,,,,,,,
SGY,SGY,SGY,,,,,,,,
SHLE,SHLE,SHLE,,,,,,,,
SHOP,SHOP,SHOP,,,,,,,,
SIA,SIA,SIA,,,,,,,,
SID,SID,SID,SID,SID,SID,SID,SID,SID,SID,SID
SIH-UN,SIH-UN,SIH-UN,SIH-UN,SIH-UN,SIH-UN,SIH-UN,SIH-UN,SIH-UN,SIH-UN,SIH-UN
SII,SII,SII,,,,,,,,
SIL,SIL,SIL,,,,,,,,
SIS,SIS,SIS,,,,,,,,
SJ,SJ,SJ,,,,,,,,
SJR-B,SJR-B,SJR-B,,,,,,,,
SKE,SKE,SKE,,,,,,,,
SKYY,SKYY,SKYY,SKYY,SKYY,SKYY,SKYY,SKYY,SKYY,SKYY,SKYY
SLF,SLF,SLF,,,,,,,,
SLF-PC,SLF-PC,SLF-PC,,,,,,,,
SLF-PD,SLF-PD,SLF-PD,,,,,,,,
SLF-PE,SLF-PE,SLF-PE,,,,,,,,
SLF-PG,SLF-PG,SLF-PG,,,,,,,,
SLF-PH,SLF-PH,SLF-PH,,,,,,,,
SLF-PJ,SLF-PJ,SLF-PJ,,,,,,,,
SLF-PK,SLF-PK,SLF-PK,,,,,,,,
SLR,SLR,SLR,,,,,,,,
SLS,SLS,SLS,,,,,,,,
SMC,SMC,SMC,,,,,,,,
SMT,SMT,SMT,,,,,,,,
SMU-UN,SMU-UN,SMU-UN,,,,,,,,
SNC,SNC,SNC,,,,,,,,
SOLG,SOLG,SOLG,,,,,,,,
SOT-UN,SOT-UN,SOT-UN,,,,,,,,
SOY,SOY,SOY,,,,,,,,
SPB,SPB,SPB,,,,,,,,
SPG,SPG,SPG,,,,,,,,
SPPP,SPPP,SPPP,,,,,,,,
SPPP-U,SPPP-U,SPPP-U,,,,,,,,
SRU-UN,SRU-UN,SRU-UN,,,,,,,,
SRV-UN,SRV-UN,SRV-UN,SRV-UN,SRV-UN,SRV-UN,SRV-UN,SRV-UN,SRV-UN,SRV-UN,SRV-UN
SSF-UN,SSF-UN,SSF-UN,SSF-UN,SSF-UN,SSF-UN,SSF-UN,SSF-UN,SSF-UN,SSF-UN,SSF-UN
SSL,SSL,SSL,,,,,,,,
SSRM,SSRM,SSRM,,,,,,,,
STC,STC,STC,,,,,,,,
STCK,STCK,STCK,,,,,,,,
STEP,STEP,STEP,,,,,,,,
STGO,STGO,STGO,,,,,,,,
STLC,STLC,STLC,,,,,,,,
STN,STN,STN,,,,,,,,
STPL,STPL,STPL,,,,,,,,
SU,SU,SU,,,,,,,,
SUN104,SUN104,SUN104,SUN104,SUN104,SUN104,SUN104,SUN104,SUN104,SUN104,SUN104
SVA,SVA,SVA,,,,,,,,
SVB,SVB,SVB,,,,,,,,
SVI,SVI,SVI,,,,,,,,
SVM,SVM,SVM,,,,,,,,
SVR,SVR,SVR,SVR,SVR,SVR,SVR,SVR,SVR,SVR,SVR
SVR-C,SVR-C,SVR-C,SVR-C,SVR-C,SVR-C,SVR-C,SVR-C,SVR-C,SVR-C,SVR-C
SW,SW,SW,,,,,,,,
SWP,SWP,SWP,,,,,,,,
SXI,SXI,SXI,,,,,,,,
SXP,SXP,SXP,,,,,,,,
SYLD,SYLD,SYLD,SYLD,SYLD,SYLD,SYLD,SYLD,SYLD,SYLD,SYLD
SYZ,SYZ,SYZ,,,,,,,,
SZLS,SZLS,SZLS,,,,,,,,
T,T,T,,,,,,,,
TA,TA,TA,,,,,,,,
TA-PD,TA-PD,TA-PD,,,,,,,,
TA-PE,TA-PE,TA-PE,,,,,,,,
TA-PF,TA-PF,TA-PF,,,,,,,,
TA-PH,TA-PH,TA-PH,,,,,,,,
TA-PJ,TA-PJ,TA-PJ,,,,,,,,
TAIG,TAIG,TAIG,,,,,,,,
TBL,TBL,TBL,,,,,,,,
TBP,TBP,TBP,,,,,,,,
TC,TC,TC,,,,,,,,
TCBN,TCBN,TCBN,TCBN,TCBN,TCBN,TCBN,TCBN,TCBN,TCBN,TCBN
TCL-A,TCL-A,TCL-A,,,,,,,,
TCL-B,TCL-B,TCL-B,,,,,,,,
TCLB,TCLB,TCLB,,,,,,,,
TCLV,TCLV,TCLV,TCLV,TCLV,TCLV,TCLV,TCLV,TCLV,TCLV,TCLV
TCN,TCN,TCN,,,,,,,,
TCS,TCS,TCS,,,,,,,,
TCSB,TCSB,TCSB,TCSB,TCSB,TCSB,TCSB,TCSB,TCSB,TCSB,TCSB
TCW,TCW,TCW,,,,,,,,
TD,TD,TD,,,,,,,,
TD-PFA,TD-PFA,TD-PFA,,,,,,,,
TD-PFB,TD-PFB,TD-PFB,,,,,,,,
TD-PFC,TD-PFC,TD-PFC,,,,,,,,
TD-PFD,TD-PFD,TD-PFD,,,,,,,,
TD-PFE,TD-PFE,TD-PFE,,,,,,,,
TD-PFI,TD-PFI,TD-PFI,,,,,,,,
TD-PFJ,TD-PFJ,TD-PFJ,,,,,,,,
TD-PFK,TD-PFK,TD-PFK,,,,,,,,
TD-PFL,TD-PFL,TD-PFL,,,,,,,,
TD-PFM,TD-PFM,TD-PFM,,,,,,,,
TDB,TDB,TDB,,,,,,,,
TDB900,TDB900,TDB900,TDB900,TDB900,TDB900,TDB900,TDB900,TDB900,TDB900,TDB900
TDOC,TDOC,TDOC,TDOC,TDOC,TDOC,TDOC,TDOC,TDOC,TDOC,TDOC
TEC,TEC,TEC,TEC,TEC,TEC,TEC,TEC,TEC,TEC,TEC
TECE,TECE,TECE,TECE,TECE,TECE,TECE,TECE,TECE,TECE,TECE
TECH,TECH,TECH,TECH,TECH,TECH,TECH,TECH,TECH,TECH,TECH
TECI,TECI,TECI,TECI,TECI,TECI,TECI,TECI,TECI,TECI,TECI
TECK-A,TECK-A,TECK-A,,,,,,,,
TECK-B,TECK-B,TECK-B,,,,,,,,
TERM,TERM,TERM,TERM,TERM,TERM,TERM,TERM,TERM,TERM,TERM
TF,TF,TF,,,,,,,,
TFII,TFII,TFII,,,,,,,,
TGED,TGED,TGED,,,,,,,,
TGFI,TGFI,TGFI,TGFI,TGFI,TGFI,TGFI,TGFI,TGFI,TGFI,TGFI
TGGR,TGGR,TGGR,TGGR,TGGR,TGGR,TGGR,TGGR,TGGR,TGGR,TGGR
TGO,TGO,TGO,,,,,,,,
TGRE,TGRE,TGRE,TGRE,TGRE,TGRE,TGRE,TGRE,TGRE,TGRE,TGRE
TH,TH,TH,,,,,,,,
THE,THE,THE,,,,,,,,
THNC,THNC,THNC,,,,,,,,
THU,THU,THU,THU,THU,THU,THU,THU,THU,THU,THU
TI,TI,TI,,,,,,,,
TIH,TIH,TIH,,,,,,,,
TILV,TILV,TILV,TILV,TILV,TILV,TILV,TILV,TILV,TILV,TILV
TINF,TINF,TINF,TINF,TINF,TINF,TINF,TINF,TINF,TINF,TINF
TIXT,TIXT,TIXT,,,,,,,,
TKO,TKO,TKO,,,,,,,,
TLF,TLF,TLF,TLF,TLF,TLF,TLF,TLF,TLF,TLF,TLF
TLG,TLG,TLG,,,,,,,,
TLO,TLO,TLO,,,,,,,,
TLRY,TLRY,TLRY,,,,,,,,
TLV,TLV,TLV,TLV,TLV,TLV,TLV,TLV,TLV,TLV,TLV
TMCC,TMCC,TMCC,TMCC,TMCC,TMCC,TMCC,TMCC,TMCC,TMCC,TMCC
TMD,TMD,TMD,,,,,,,,
TMEC,TMEC,TMEC,TMEC,TMEC,TMEC,TMEC,TMEC,TMEC,TMEC,TMEC
TMEI,TMEI,TMEI,TMEI,TMEI,TMEI,TMEI,TMEI,TMEI,TMEI,TMEI
TMEU,TMEU,TMEU,TMEU,TMEU,TMEU,TMEU,TMEU,TMEU,TMEU,TMEU
TML,TML,TML,,,,,,,,
TMQ,TMQ,TMQ,,,,,,,,
TMUC,TMUC,TMUC,TMUC,TMUC,TMUC,TMUC,TMUC,TMUC,TMUC,TMUC
TNT-UN,TNT-UN,TNT-UN,,,,,,,,
TNX,TNX,TNX,,,,,,,,
TNZ,TNZ,TNZ,,,,,,,,
TOCA,TOCA,TOCA,TOCA,TOCA,TOCA,TOCA,TOCA,TOCA,TOCA,TOCA
TOCC,TOCC,TOCC,TOCC,TOCC,TOCC,TOCC,TOCC,TOCC,TOCC,TOCC
TOCM,TOCM,TOCM,TOCM,TOCM,TOCM,TOCM,TOCM,TOCM,TOCM,TOCM
TOT,TOT,TOT,,,,,,,,
TOU,TOU,TOU,,,,,,,,
TOWR,TOWR,TOWR,TOWR,TOWR,TOWR,TOWR,TOWR,TOWR,TOWR,TOWR
TOY,TOY,TOY,,,,,,,,
TPAY,TPAY,TPAY,TPAY,TPAY,TPAY,TPAY,TPAY,TPAY,TPAY,TPAY
TPE,TPE,TPE,TPE,TPE,TPE,TPE,TPE,TPE,TPE,TPE
TPRF,TPRF,TPRF,,,,,,,,
TPU,TPU,TPU,,,,,,,,
TPZ,TPZ,TPZ,,,,,,,,
TQCD,TQCD,TQCD,TQCD,TQCD,TQCD,TQCD,TQCD,TQCD,TQCD,TQCD
TQGD,TQGD,TQGD,TQGD,TQGD,TQGD,TQGD,TQGD,TQGD,TQGD,TQGD
TQGM,TQGM,TQGM,TQGM,TQGM,TQGM,TQGM,TQGM,TQGM,TQGM,TQGM
TQSM,TQSM,TQSM,TQSM,TQSM,TQSM,TQSM,TQSM,TQSM,TQSM,TQSM
TRI,TRI,TRI,,,,,,,,
TRI-PB,TRI-PB,TRI-PB,,,,,,,,
TRP,TRP,TRP,,,,,,,,
TRP-PA,TRP-PA,TRP-PA,,,,,,,,
TRP-PB,TRP-PB,TRP-PB,,,,,,,,
TRP-PC,TRP-PC,TRP-PC,,,,,,,,
TRP-PD,TRP-PD,TRP-PD,,,,,,,,
TRP-PE,TRP-PE,TRP-PE,,,,,,,,
TRP-PF,TRP-PF,TRP-PF,,,,,,,,
TRP-PG,TRP-PG,TRP-PG,,,,,,,,
TRP-PH,TRP-PH,TRP-PH,,,,,,,,
TRP-PI,TRP-PI,TRP-PI,,,,,,,,
TRVL,TRVL,TRVL,TRVL,TRVL,TRVL,TRVL,TRVL,TRVL,TRVL,TRVL
TRVL-U,TRVL-U,TRVL-U,TRVL-U,TRVL-U,TRVL-U,TRVL-U,TRVL-U,TRVL-U,TRVL-U,TRVL-U
TRZ,TRZ,TRZ,,,,,,,,
TSAT,TSAT,TSAT,,,,,,,,
TSK,TSK,TSK,,,,,,,,
TSL,TSL,TSL,,,,,,,,
TSU,TSU,TSU,,,,,,,,
TTNM,TTNM,TTNM,,,,,,,,
TTP,TTP,TTP,,,,,,,,
TUED,TUED,TUED,TUED,TUED,TUED,TUED,TUED,TUED,TUED,TUED
TUHY,TUHY,TUHY,TUHY,TUHY,TUHY,TUHY,TUHY,TUHY,TUHY,TUHY
TULB,TULB,TULB,TULB,TULB,TULB,TULB,TULB,TULB,TULB,TULB
TULV,TULV,TULV,TULV,TULV,TULV,TULV,TULV,TULV,TULV,TULV
TUSB,TUSB,TUSB,TUSB,TUSB,TUSB,TUSB,TUSB,TUSB,TUSB,TUSB
TUSB-U,TUSB-U,TUSB-U,TUSB-U,TUSB-U,TUSB-U,TUSB-U,TUSB-U,TUSB-U,TUSB-U,TUSB-U
TVA-B,TVA-B,TVA-B,,,,,,,,
TVE,TVE,TVE,,,,,,,,
TVK,TVK,TVK,,,,,,,,
TWC,TWC,TWC,,,,,,,,
TWM,TWM,TWM,,,,,,,,
TXF,TXF,TXF,,,,,,,,
TXF-B,TXF-B,TXF-B,TXF-B,TXF-B,TXF-B,TXF-B,TXF-B,TXF-B,TXF-B,TXF-B
TXG,TXG,TXG,,,,,,,,
TXP,TXP,TXP,,,,,,,,
TXT-PA,TXT-PA,TXT-PA,,,,,,,,
TXT-UN,TXT-UN,TXT-UN,,,,,,,,
U-U,U-U,U-U,,,,,,,,
U-UN,U-UN,U-UN,U-UN,U-UN,U-UN,U-UN,U-UN,U-UN,U-UN,U-UN
UDA,UDA,UDA,UDA,UDA,UDA,UDA,UDA,UDA,UDA,UDA
UDEF,UDEF,UDEF,UDEF,UDEF,UDEF,UDEF,UDEF,UDEF,UDEF,UDEF
UDIV,UDIV,UDIV,UDIV,UDIV,UDIV,UDIV,UDIV,UDIV,UDIV,UDIV
UDIV-B,UDIV-B,UDIV-B,UDIV-B,UDIV-B,UDIV-B,UDIV-B,UDIV-B,UDIV-B,UDIV-B,UDIV-B
ULV-C,ULV-C,ULV-C,ULV-C,ULV-C,ULV-C,ULV-C,ULV-C,ULV-C,ULV-C,ULV-C
ULV-F,ULV-F,ULV-F,ULV-F,ULV-F,ULV-F,ULV-F,ULV-F,ULV-F,ULV-F,ULV-F
ULV-U,ULV-U,ULV-U,ULV-U,ULV-U,ULV-U,ULV-U,ULV-U,ULV-U,ULV-U,ULV-U
UMI,UMI,UMI,UMI,UMI,UMI,UMI,UMI,UMI,UMI,UMI
UMI-B,UMI-B,UMI-B,UMI-B,UMI-B,UMI-B,UMI-B,UMI-B,UMI-B,UMI-B,UMI-B
UNC,UNC,UNC,,,,,,,,
UNI,UNI,UNI,,,,,,,,
UNS,UNS,UNS,,,,,,,,
URB,URB,URB,,,,,,,,
URB-A,URB-A,URB-A,,,,,,,,
URE,URE,URE,,,,,,,,
USA,USA,USA,,,,,,,,
USB,USB,USB,,,,,,,,
USCC,USCC,USCC,USCC,USCC,USCC,USCC,USCC,USCC,USCC,USCC
UTIL,UTIL,UTIL,UTIL,UTIL,UTIL,UTIL,UTIL,UTIL,UTIL,UTIL
VA,VA,VA,VA,VA,VA,VA,VA,VA,VA,VA
VAB,VAB,VAB,,,,,,,,
VALT,VALT,VALT,,,,,,,,
VALT-U,VALT-U,VALT-U,VALT-U,VALT-U,VALT-U,VALT-U,VALT-U,VALT-U,VALT-U,VALT-U
VBAL,VBAL,VBAL,,,,,,,,
VBNK,VBNK,VBNK,,,,,,,,
VCB,VCB,VCB,VCB,VCB,VCB,VCB,VCB,VCB,VCB,VCB
VCE,VCE,VCE,,,,,,,,
VCIP,VCIP,VCIP,VCIP,VCIP,VCIP,VCIP,VCIP,VCIP,VCIP,VCIP
VCM,VCM,VCM,,,,,,,,
VCN,VCN,VCN,VCN,VCN,VCN,VCN,VCN,VCN,VCN,VCN
VCNS,VCNS,VCNS,,,,,,,,
VDU,VDU,VDU,,,,,,,,
VDY,VDY,VDY,,,,,,,,
VE,VE,VE,VE,VE,VE,VE,VE,VE,VE,VE
VEE,VEE,VEE,VEE,VEE,VEE,VEE,VEE,VEE,VEE,VEE
VEF,VEF,VEF,,,,,,,,
VEQT,VEQT,VEQT,VEQT,VEQT,VEQT,VEQT,VEQT,VEQT,VEQT,VEQT
VET,VET,VET,,,,,,,,
VFV,VFV,VFV,VFV,VFV,VFV,VFV,VFV,VFV,VFV,VFV
VGCX,VGCX,VGCX,,,,,,,,
VGG,VGG,VGG,VGG,VGG,VGG,VGG,VGG,VGG,VGG,VGG
VGH,VGH,VGH,,,,,,,,
VGRO,VGRO,VGRO,,,,,,,,
VGV,VGV,VGV,VGV,VGV,VGV,VGV,VGV,VGV,VGV,VGV
VGZ,VGZ,VGZ,,,,,,,,
VHI,VHI,VHI,,,,,,,,
VI,VI,VI,VI,VI,VI,VI,VI,VI,VI,VI
VIDY,VIDY,VIDY,VIDY,VIDY,VIDY,VIDY,VIDY,VIDY,VIDY,VIDY
VIU,VIU,VIU,VIU,VIU,VIU,VIU,VIU,VIU,VIU,VIU
VIVO,VIVO,VIVO,,,,,,,,
VLB,VLB,VLB,VLB,VLB,VLB,VLB,VLB,VLB,VLB,VLB
VLE,VLE,VLE,,,,,,,,
VLN,VLN,VLN,,,,,,,,
VLNS,VLNS,VLNS,,,,,,,,
VMD,VMD,VMD,,,,,,,,
VMH-U,VMH-U,VMH-U,,,,,,,,
VMO,VMO,VMO,VMO,VMO,VMO,VMO,VMO,VMO,VMO,VMO
VNP,VNP,VNP,,,,,,,,
VPH,VPH,VPH,,,,,,,,
VQS,VQS,VQS,,,,,,,,
VRE,VRE,VRE,,,,,,,,
VRIF,VRIF,VRIF,VRIF,VRIF,VRIF,VRIF,VRIF,VRIF,VRIF,VRIF
VSB,VSB,VSB,,,,,,,,
VSC,VSC,VSC,,,,,,,,
VSP,VSP,VSP,VSP,VSP,VSP,VSP,VSP,VSP,VSP,VSP
VUN,VUN,VUN,,,,,,,,
VUS,VUS,VUS,,,,,,,,
VVL,VVL,VVL,,,,,,,,
VVO,VVO,VVO,VVO,VVO,VVO,VVO,VVO,VVO,VVO,VVO
VXC,VXC,VXC,VXC,VXC,VXC,VXC,VXC,VXC,VXC,VXC
VXM,VXM,VXM,,,,,,,,
VXM-B,VXM-B,VXM-B,VXM-B,VXM-B,VXM-B,VXM-B,VXM-B,VXM-B,VXM-B,VXM-B
WBR,WBR,WBR,,,,,,,,
WCM-A,WCM-A,WCM-A,,,,,,,,
WCN,WCN,WCN,,,,,,,,
WCP,WCP,WCP,,,,,,,,
WDO,WDO,WDO,,,,,,,,
WEED,WEED,WEED,,,,,,,,
WEF,WEF,WEF,,,,,,,,
WELL,WELL,WELL,,,,,,,,
WFC,WFC,WFC,,,,,,,,
WFG,WFG,WFG,,,,,,,,
WFS,WFS,WFS,,,,,,,,
WFS-PA,WFS-PA,WFS-PA,,,,,,,,
WILD,WILD,WILD,,,,,,,,
WJX,WJX,WJX,,,,,,,,
WLLW,WLLW,WLLW,,,,,,,,
WM,WM,WM,,,,,,,,
WN,WN,WN,,,,,,,,
WN-PA,WN-PA,WN-PA,,,,,,,,
WN-PC,WN-PC,WN-PC,,,,,,,,
WN-PD,WN-PD,WN-PD,,,,,,,,
WN-PE,WN-PE,WN-PE,,,,,,,,
WNDR,WNDR,WNDR,,,,,,,,
WOMN,WOMN,WOMN,WOMN,WOMN,WOMN,WOMN,WOMN,WOMN,WOMN,WOMN
WORK-UN,WORK-UN,WORK-UN,WORK-UN,WORK-UN,WORK-UN,WORK-UN,WORK-UN,WORK-UN,WORK-UN,WORK-UN
WPK,WPK,WPK,,,,,,,,
WPM,WPM,WPM,,,,,,,,
WPRT,WPRT,WPRT,,,,,,,,
WRG,WRG,WRG,,,,,,,,
WRN,WRN,WRN,,,,,,,,
WRX,WRX,WRX,,,,,,,,
WSP,WSP,WSP,,,,,,,,
WSRD,WSRD,WSRD,WSRD,WSRD,WSRD,WSRD,WSRD,WSRD,WSRD,WSRD
WSRI,WSRI,WSRI,WSRI,WSRI,WSRI,WSRI,WSRI,WSRI,WSRI,WSRI
WTE,WTE,WTE,,,,,,,,
WXM,WXM,WXM,,,,,,,,
X,X,X,,,,,,,,
XAGG,XAGG,XAGG,XAGG,XAGG,XAGG,XAGG,XAGG,XAGG,XAGG,XAGG
XAGH,XAGH,XAGH,XAGH,XAGH,XAGH,XAGH,XAGH,XAGH,XAGH,XAGH
XAM,XAM,XAM,,,,,,,,
XAU,XAU,XAU,,,,,,,,
XAW,XAW,XAW,XAW,XAW,XAW,XAW,XAW,XAW,XAW,XAW
XAW-U,XAW-U,XAW-U,XAW-U,XAW-U,XAW-U,XAW-U,XAW-U,XAW-U,XAW-U,XAW-U
XBAL,XBAL,XBAL,XBAL,XBAL,XBAL,XBAL,XBAL,XBAL,XBAL,XBAL
XBB,XBB,XBB,XBB,XBB,XBB,XBB,XBB,XBB,XBB,XBB
XBM,XBM,XBM,XBM,XBM,XBM,XBM,XBM,XBM,XBM,XBM
XCB,XCB,XCB,XCB,XCB,XCB,XCB,XCB,XCB,XCB,XCB
XCBG,XCBG,XCBG,XCBG,XCBG,XCBG,XCBG,XCBG,XCBG,XCBG,XCBG
XCBU,XCBU,XCBU,XCBU,XCBU,XCBU,XCBU,XCBU,XCBU,XCBU,XCBU
XCD,XCD,XCD,XCD,XCD,XCD,XCD,XCD,XCD,XCD,XCD
XCG,XCG,XCG,XCG,XCG,XCG,XCG,XCG,XCG,XCG,XCG
XCH,XCH,XCH,XCH,XCH,XCH,XCH,XCH,XCH,XCH,XCH
XCLN,XCLN,XCLN,XCLN,XCLN,XCLN,XCLN,XCLN,XCLN,XCLN,XCLN
XCLR,XCLR,XCLR,XCLR,XCLR,XCLR,XCLR,XCLR,XCLR,XCLR,XCLR
XCNS,XCNS,XCNS,XCNS,XCNS,XCNS,XCNS,XCNS,XCNS,XCNS,XCNS
XCS,XCS,XCS,XCS,XCS,XCS,XCS,XCS,XCS,XCS,XCS
XCSR,XCSR,XCSR,XCSR,XCSR,XCSR,XCSR,XCSR,XCSR,XCSR,XCSR
XCV,XCV,XCV,XCV,XCV,XCV,XCV,XCV,XCV,XCV,XCV
XDG,XDG,XDG,XDG,XDG,XDG,XDG,XDG,XDG,XDG,XDG
XDG-U,XDG-U,XDG-U,XDG-U,XDG-U,XDG-U,XDG-U,XDG-U,XDG-U,XDG-U,XDG-U
XDGH,XDGH,XDGH,XDGH,XDGH,XDGH,XDGH,XDGH,XDGH,XDGH,XDGH
XDIV,XDIV,XDIV,XDIV,XDIV,XDIV,XDIV,XDIV,XDIV,XDIV,XDIV
XDLR,XDLR,XDLR,XDLR,XDLR,XDLR,XDLR,XDLR,XDLR,XDLR,XDLR
XDNA,XDNA,XDNA,XDNA,XDNA,XDNA,XDNA,XDNA,XDNA,XDNA,XDNA
XDSR,XDSR,XDSR,XDSR,XDSR,XDSR,XDSR,XDSR,XDSR,XDSR,XDSR
XDU,XDU,XDU,XDU,XDU,XDU,XDU,XDU,XDU,XDU,XDU
XDU-U,XDU-U,XDU-U,XDU-U,XDU-U,XDU-U,XDU-U,XDU-U,XDU-U,XDU-U,XDU-U
XDUH,XDUH,XDUH,XDUH,XDUH,XDUH,XDUH,XDUH,XDUH,XDUH,XDUH
XDV,XDV,XDV,XDV,XDV,XDV,XDV,XDV,XDV,XDV,XDV
XEB,XEB,XEB,XEB,XEB,XEB,XEB,XEB,XEB,XEB,XEB
XEC,XEC,XEC,XEC,XEC,XEC,XEC,XEC,XEC,XEC,XEC
XEC-U,XEC-U,XEC-U,XEC-U,XEC-U,XEC-U,XEC-U,XEC-U,XEC-U,XEC-U,XEC-U
XEF,XEF,XEF,XEF,XEF,XEF,XEF,XEF,XEF,XEF,XEF
XEF-U,XEF-U,XEF-U,XEF-U,XEF-U,XEF-U,XEF-U,XEF-U,XEF-U,XEF-U,XEF-U
XEG,XEG,XEG,XEG,XEG,XEG,XEG,XEG,XEG,XEG,XEG
XEH,XEH,XEH,XEH,XEH,XEH,XEH,XEH,XEH,XEH,XEH
XEI,XEI,XEI,XEI,XEI,XEI,XEI,XEI,XEI,XEI,XEI
XEM,XEM,XEM,XEM,XEM,XEM,XEM,XEM,XEM,XEM,XEM
XEQT,XEQT,XEQT,XEQT,XEQT,XEQT,XEQT,XEQT,XEQT,XEQT,XEQT
XESG,XESG,XESG,XESG,XESG,XESG,XESG,XESG,XESG,XESG,XESG
XEU,XEU,XEU,XEU,XEU,XEU,XEU,XEU,XEU,XEU,XEU
XEXP,XEXP,XEXP,XEXP,XEXP,XEXP,XEXP,XEXP,XEXP,XEXP,XEXP
XFA,XFA,XFA,XFA,XFA,XFA,XFA,XFA,XFA,XFA,XFA
XFC,XFC,XFC,XFC,XFC,XFC,XFC,XFC,XFC,XFC,XFC
XFF,XFF,XFF,XFF,XFF,XFF,XFF,XFF,XFF,XFF,XFF
XFH,XFH,XFH,XFH,XFH,XFH,XFH,XFH,XFH,XFH,XFH
XFI,XFI,XFI,XFI,XFI,XFI,XFI,XFI,XFI,XFI,XFI
XFN,XFN,XFN,XFN,XFN,XFN,XFN,XFN,XFN,XFN,XFN
XFR,XFR,XFR,XFR,XFR,XFR,XFR,XFR,XFR,XFR,XFR
XFS,XFS,XFS,XFS,XFS,XFS,XFS,XFS,XFS,XFS,XFS
XFS-U,XFS-U,XFS-U,XFS-U,XFS-U,XFS-U,XFS-U,XFS-U,XFS-U,XFS-U,XFS-U
XGB,XGB,XGB,XGB,XGB,XGB,XGB,XGB,XGB,XGB,XGB
XGD,XGD,XGD,XGD,XGD,XGD,XGD,XGD,XGD,XGD,XGD
XGI,XGI,XGI,XGI,XGI,XGI,XGI,XGI,XGI,XGI,XGI
XGRO,XGRO,XGRO,XGRO,XGRO,XGRO,XGRO,XGRO,XGRO,XGRO,XGRO
XHAK,XHAK,XHAK,XHAK,XHAK,XHAK,XHAK,XHAK,XHAK,XHAK,XHAK
XHB,XHB,XHB,XHB,XHB,XHB,XHB,XHB,XHB,XHB,XHB
XHC,XHC,XHC,XHC,XHC,XHC,XHC,XHC,XHC,XHC,XHC
XHD,XHD,XHD,XHD,XHD,XHD,XHD,XHD,XHD,XHD,XHD
XHU,XHU,XHU,XHU,XHU,XHU,XHU,XHU,XHU,XHU,XHU
XHY,XHY,XHY,XHY,XHY,XHY,XHY,XHY,XHY,XHY,XHY
XIC,XIC,XIC,XIC,XIC,XIC,XIC,XIC,XIC,XIC,XIC
XID,XID,XID,XID,XID,XID,XID,XID,XID,XID,XID
XIG,XIG,XIG,XIG,XIG,XIG,XIG,XIG,XIG,XIG,XIG
XIGS,XIGS,XIGS,XIGS,XIGS,XIGS,XIGS,XIGS,XIGS,XIGS,XIGS
XIN,XIN,XIN,XIN,XIN,XIN,XIN,XIN,XIN,XIN,XIN
XINC,XINC,XINC,XINC,XINC,XINC,XINC,XINC,XINC,XINC,XINC
XIT,XIT,XIT,XIT,XIT,XIT,XIT,XIT,XIT,XIT,XIT
XIU,XIU,XIU,XIU,XIU,XIU,XIU,XIU,XIU,XIU,XIU
XLB,XLB,XLB,XLB,XLB,XLB,XLB,XLB,XLB,XLB,XLB
XLY,XLY,XLY,,,,,,,,
XMA,XMA,XMA,XMA,XMA,XMA,XMA,XMA,XMA,XMA,XMA
XMC,XMC,XMC,XMC,XMC,XMC,XMC,XMC,XMC,XMC,XMC
XMC-U,XMC-U,XMC-U,XMC-U,XMC-U,XMC-U,XMC-U,XMC-U,XMC-U,XMC-U,XMC-U
XMD,XMD,XMD,XMD,XMD,XMD,XMD,XMD,XMD,XMD,XMD
XMF-A,XMF-A,XMF-A,,,,,,,,
XMF-PB,XMF-PB,XMF-PB,,,,,,,,
XMF-PC,XMF-PC,XMF-PC,,,,,,,,
XMH,XMH,XMH,XMH,XMH,XMH,XMH,XMH,XMH,XMH,XMH
XMI,XMI,XMI,XMI,XMI,XMI,XMI,XMI,XMI,XMI,XMI
XML,XML,XML,XML,XML,XML,XML,XML,XML,XML,XML
XMM,XMM,XMM,XMM,XMM,XMM,XMM,XMM,XMM,XMM,XMM
XMS,XMS,XMS,XMS,XMS,XMS,XMS,XMS,XMS,XMS,XMS
XMTM,XMTM,XMTM,XMTM,XMTM,XMTM,XMTM,XMTM,XMTM,XMTM,XMTM
XMU,XMU,XMU,XMU,XMU,XMU,XMU,XMU,XMU,XMU,XMU
XMU-U,XMU-U,XMU-U,XMU-U,XMU-U,XMU-U,XMU-U,XMU-U,XMU-U,XMU-U,XMU-U
XMV,XMV,XMV,XMV,XMV,XMV,XMV,XMV,XMV,XMV,XMV
XMW,XMW,XMW,XMW,XMW,XMW,XMW,XMW,XMW,XMW,XMW
XMY,XMY,XMY,XMY,XMY,XMY,XMY,XMY,XMY,XMY,XMY
XPF,XPF,XPF,XPF,XPF,XPF,XPF,XPF,XPF,XPF,XPF
XQB,XQB,XQB,XQB,XQB,XQB,XQB,XQB,XQB,XQB,XQB
XQLT,XQLT,XQLT,XQLT,XQLT,XQLT,XQLT,XQLT,XQLT,XQLT,XQLT
XQQ,XQQ,XQQ,XQQ,XQQ,XQQ,XQQ,XQQ,XQQ,XQQ,XQQ
XRB,XRB,XRB,XRB,XRB,XRB,XRB,XRB,XRB,XRB,XRB
XRE,XRE,XRE,XRE,XRE,XRE,XRE,XRE,XRE,XRE,XRE
XSAB,XSAB,XSAB,XSAB,XSAB,XSAB,XSAB,XSAB,XSAB,XSAB,XSAB
XSB,XSB,XSB,XSB,XSB,XSB,XSB,XSB,XSB,XSB,XSB
XSC,XSC,XSC,XSC,XSC,XSC,XSC,XSC,XSC,XSC,XSC
XSE,XSE,XSE,XSE,XSE,XSE,XSE,XSE,XSE,XSE,XSE
XSEA,XSEA,XSEA,XSEA,XSEA,XSEA,XSEA,XSEA,XSEA,XSEA,XSEA
XSEM,XSEM,XSEM,XSEM,XSEM,XSEM,XSEM,XSEM,XSEM,XSEM,XSEM
XSH,XSH,XSH,XSH,XSH,XSH,XSH,XSH,XSH,XSH,XSH
XSHG,XSHG,XSHG,XSHG,XSHG,XSHG,XSHG,XSHG,XSHG,XSHG,XSHG
XSHU,XSHU,XSHU,XSHU,XSHU,XSHU,XSHU,XSHU,XSHU,XSHU,XSHU
XSI,XSI,XSI,XSI,XSI,XSI,XSI,XSI,XSI,XSI,XSI
XSMC,XSMC,XSMC,XSMC,XSMC,XSMC,XSMC,XSMC,XSMC,XSMC,XSMC
XSMH,XSMH,XSMH,XSMH,XSMH,XSMH,XSMH,XSMH,XSMH,XSMH,XSMH
XSP,XSP,XSP,XSP,XSP,XSP,XSP,XSP,XSP,XSP,XSP
XSQ,XSQ,XSQ,XSQ,XSQ,XSQ,XSQ,XSQ,XSQ,XSQ,XSQ
XST,XST,XST,XST,XST,XST,XST,XST,XST,XST,XST
XSTB,XSTB,XSTB,XSTB,XSTB,XSTB,XSTB,XSTB,XSTB,XSTB,XSTB
XSTH,XSTH,XSTH,XSTH,XSTH,XSTH,XSTH,XSTH,XSTH,XSTH,XSTH
XSTP,XSTP,XSTP,XSTP,XSTP,XSTP,XSTP,XSTP,XSTP,XSTP,XSTP
XSU,XSU,XSU,XSU,XSU,XSU,XSU,XSU,XSU,XSU,XSU
XSUS,XSUS,XSUS,XSUS,XSUS,XSUS,XSUS,XSUS,XSUS,XSUS,XSUS
XTC,XTC,XTC,,,,,,,,
XTD,XTD,XTD,,,,,,,,
XTD-PA,XTD-PA,XTD-PA,,,,,,,,
XTG,XTG,XTG,,,,,,,,
XTR,XTR,XTR,XTR,XTR,XTR,XTR,XTR,XTR,XTR,XTR
XTRA,XTRA,XTRA,,,,,,,,
XUH,XUH,XUH,XUH,XUH,XUH,XUH,XUH,XUH,XUH,XUH
XULR,XULR,XULR,XULR,XULR,XULR,XULR,XULR,XULR,XULR,XULR
XUS,XUS,XUS,XUS,XUS,XUS,XUS,XUS,XUS,XUS,XUS
XUS-U,XUS-U,XUS-U,XUS-U,XUS-U,XUS-U,XUS-U,XUS-U,XUS-U,XUS-U,XUS-U
XUSR,XUSR,XUSR,XUSR,XUSR,XUSR,XUSR,XUSR,XUSR,XUSR,XUSR
XUT,XUT,XUT,XUT,XUT,XUT,XUT,XUT,XUT,XUT,XUT
XUU,XUU,XUU,XUU,XUU,XUU,XUU,XUU,XUU,XUU,XUU
XUU-U,XUU-U,XUU-U,XUU-U,XUU-U,XUU-U,XUU-U,XUU-U,XUU-U,XUU-U,XUU-U
XVLU,XVLU,XVLU,XVLU,XVLU,XVLU,XVLU,XVLU,XVLU,XVLU,XVLU
XWD,XWD,XWD,XWD,XWD,XWD,XWD,XWD,XWD,XWD,XWD
XXM,XXM,XXM,XXM,XXM,XXM,XXM,XXM,XXM,XXM,XXM
XXM-B,XXM-B,XXM-B,XXM-B,XXM-B,XXM-B,XXM-B,XXM-B,XXM-B,XXM-B,XXM-B
Y,Y,Y,,,,,,,,
YCM,YCM,YCM,,,,,,,,
YCM-PA,YCM-PA,YCM-PA,,,,,,,,
YCM-PB,YCM-PB,YCM-PB,,,,,,,,
YGR,YGR,YGR,,,,,,,,
YRB,YRB,YRB,,,,,,,,
YRI,YRI,YRI,,,,,,,,
YXM,YXM,YXM,,,,,,,,
YXM-B,YXM-B,YXM-B,YXM-B,YXM-B,YXM-B,YXM-B,YXM-B,YXM-B,YXM-B,YXM-B
ZACE,ZACE,ZACE,ZACE,ZACE,ZACE,ZACE,ZACE,ZACE,ZACE,ZACE
ZAG,ZAG,ZAG,,,,,,,,
ZAUT,ZAUT,ZAUT,ZAUT,ZAUT,ZAUT,ZAUT,ZAUT,ZAUT,ZAUT,ZAUT
ZBAL,ZBAL,ZBAL,,,,,,,,
ZBAL-T,ZBAL-T,ZBAL-T,ZBAL-T,ZBAL-T,ZBAL-T,ZBAL-T,ZBAL-T,ZBAL-T,ZBAL-T,ZBAL-T
ZBBB,ZBBB,ZBBB,ZBBB,ZBBB,ZBBB,ZBBB,ZBBB,ZBBB,ZBBB,ZBBB
ZBI,ZBI,ZBI,ZBI,ZBI,ZBI,ZBI,ZBI,ZBI,ZBI,ZBI
ZBK,ZBK,ZBK,ZBK,ZBK,ZBK,ZBK,ZBK,ZBK,ZBK,ZBK
ZCB,ZCB,ZCB,ZCB,ZCB,ZCB,ZCB,ZCB,ZCB,ZCB,ZCB
ZCDB,ZCDB,ZCDB,ZCDB,ZCDB,ZCDB,ZCDB,ZCDB,ZCDB,ZCDB,ZCDB
ZCH,ZCH,ZCH,,,,,,,,
ZCLN,ZCLN,ZCLN,ZCLN,ZCLN,ZCLN,ZCLN,ZCLN,ZCLN,ZCLN,ZCLN
ZCM,ZCM,ZCM,ZCM,ZCM,ZCM,ZCM,ZCM,ZCM,ZCM,ZCM
ZCN,ZCN,ZCN,,,,,,,,
ZCON,ZCON,ZCON,,,,,,,,
ZCPB,ZCPB,ZCPB,ZCPB,ZCPB,ZCPB,ZCPB,ZCPB,ZCPB,ZCPB,ZCPB
ZCS,ZCS,ZCS,ZCS,ZCS,ZCS,ZCS,ZCS,ZCS,ZCS,ZCS
ZCS-L,ZCS-L,ZCS-L,ZCS-L,ZCS-L,ZCS-L,ZCS-L,ZCS-L,ZCS-L,ZCS-L,ZCS-L
ZDB,ZDB,ZDB,ZDB,ZDB,ZDB,ZDB,ZDB,ZDB,ZDB,ZDB
ZDH,ZDH,ZDH,ZDH,ZDH,ZDH,ZDH,ZDH,ZDH,ZDH,ZDH
ZDI,ZDI,ZDI,,,,,,,,
ZDJ,ZDJ,ZDJ,ZDJ,ZDJ,ZDJ,ZDJ,ZDJ,ZDJ,ZDJ,ZDJ
ZDM,ZDM,ZDM,,,,,,,,
ZDV,ZDV,ZDV,,,,,,,,
ZDY,ZDY,ZDY,ZDY,ZDY,ZDY,ZDY,ZDY,ZDY,ZDY,ZDY
ZDY-U,ZDY-U,ZDY-U,ZDY-U,ZDY-U,ZDY-U,ZDY-U,ZDY-U,ZDY-U,ZDY-U,ZDY-U
ZEA,ZEA,ZEA,ZEA,ZEA,ZEA,ZEA,ZEA,ZEA,ZEA,ZEA
ZEB,ZEB,ZEB,,,,,,,,
ZEF,ZEF,ZEF,ZEF,ZEF,ZEF,ZEF,ZEF,ZEF,ZEF,ZEF
ZEM,ZEM,ZEM,ZEM,ZEM,ZEM,ZEM,ZEM,ZEM,ZEM,ZEM
ZEO,ZEO,ZEO,ZEO,ZEO,ZEO,ZEO,ZEO,ZEO,ZEO,ZEO
ZEQ,ZEQ,ZEQ,,,,,,,,
ZEQT,ZEQT,ZEQT,ZEQT,ZEQT,ZEQT,ZEQT,ZEQT,ZEQT,ZEQT,ZEQT
ZESG,ZESG,ZESG,ZESG,ZESG,ZESG,ZESG,ZESG,ZESG,ZESG,ZESG
ZFC,ZFC,ZFC,ZFC,ZFC,ZFC,ZFC,ZFC,ZFC,ZFC,ZFC
ZFH,ZFH,ZFH,,,,,,,,
ZFIN,ZFIN,ZFIN,ZFIN,ZFIN,ZFIN,ZFIN,ZFIN,ZFIN,ZFIN,ZFIN
ZFL,ZFL,ZFL,,,,,,,,
ZFM,ZFM,ZFM,,,,,,,,
ZFN,ZFN,ZFN,ZFN,ZFN,ZFN,ZFN,ZFN,ZFN,ZFN,ZFN
ZFS,ZFS,ZFS,,,,,,,,
ZFS-L,ZFS-L,ZFS-L,ZFS-L,ZFS-L,ZFS-L,ZFS-L,ZFS-L,ZFS-L,ZFS-L,ZFS-L
ZGB,ZGB,ZGB,ZGB,ZGB,ZGB,ZGB,ZGB,ZGB,ZGB,ZGB
ZGD,ZGD,ZGD,ZGD,ZGD,ZGD,ZGD,ZGD,ZGD,ZGD,ZGD
ZGEN,ZGEN,ZGEN,ZGEN,ZGEN,ZGEN,ZGEN,ZGEN,ZGEN,ZGEN,ZGEN
ZGI,ZGI,ZGI,ZGI,ZGI,ZGI,ZGI,ZGI,ZGI,ZGI,ZGI
ZGQ,ZGQ,ZGQ,ZGQ,ZGQ,ZGQ,ZGQ,ZGQ,ZGQ,ZGQ,ZGQ
ZGRN,ZGRN,ZGRN,ZGRN,ZGRN,ZGRN,ZGRN,ZGRN,ZGRN,ZGRN,ZGRN
ZGRO,ZGRO,ZGRO,,,,,,,,
ZGSB,ZGSB,ZGSB,ZGSB,ZGSB,ZGSB,ZGSB,ZGSB,ZGSB,ZGSB,ZGSB
ZHP,ZHP,ZHP,ZHP,ZHP,ZHP,ZHP,ZHP,ZHP,ZHP,ZHP
ZHU,ZHU,ZHU,,,,,,,,
ZHY,ZHY,ZHY,ZHY,ZHY,ZHY,ZHY,ZHY,ZHY,ZHY,ZHY
ZIC,ZIC,ZIC,ZIC,ZIC,ZIC,ZIC,ZIC,ZIC,ZIC,ZIC
ZIC-U,ZIC-U,ZIC-U,ZIC-U,ZIC-U,ZIC-U,ZIC-U,ZIC-U,ZIC-U,ZIC-U,ZIC-U
ZID,ZID,ZID,ZID,ZID,ZID,ZID,ZID,ZID,ZID,ZID
ZIN,ZIN,ZIN,,,,,,,,
ZINN,ZINN,ZINN,ZINN,ZINN,ZINN,ZINN,ZINN,ZINN,ZINN,ZINN
ZINT,ZINT,ZINT,ZINT,ZINT,ZINT,ZINT,ZINT,ZINT,ZINT,ZINT
ZJG,ZJG,ZJG,ZJG,ZJG,ZJG,ZJG,ZJG,ZJG,ZJG,ZJG
ZJK,ZJK,ZJK,ZJK,ZJK,ZJK,ZJK,ZJK,ZJK,ZJK,ZJK
ZJPN,ZJPN,ZJPN,ZJPN,ZJPN,ZJPN,ZJPN,ZJPN,ZJPN,ZJPN,ZJPN
ZLB,ZLB,ZLB,ZLB,ZLB,ZLB,ZLB,ZLB,ZLB,ZLB,ZLB
ZLC,ZLC,ZLC,,,,,,,,
ZLD,ZLD,ZLD,ZLD,ZLD,ZLD,ZLD,ZLD,ZLD,ZLD,ZLD
ZLE,ZLE,ZLE,,,,,,,,
ZLH,ZLH,ZLH,ZLH,ZLH,ZLH,ZLH,ZLH,ZLH,ZLH,ZLH
ZLI,ZLI,ZLI,,,,,,,,
ZLU,ZLU,ZLU,,,,,,,,
ZLU-U,ZLU-U,ZLU-U,ZLU-U,ZLU-U,ZLU-U,ZLU-U,ZLU-U,ZLU-U,ZLU-U,ZLU-U
ZMBS,ZMBS,ZMBS,ZMBS,ZMBS,ZMBS,ZMBS,ZMBS,ZMBS,ZMBS,ZMBS
ZMI,ZMI,ZMI,,,,,,,,
ZMID,ZMID,ZMID,ZMID,ZMID,ZMID,ZMID,ZMID,ZMID,ZMID,ZMID
ZMID-F,ZMID-F,ZMID-F,ZMID-F,ZMID-F,ZMID-F,ZMID-F,ZMID-F,ZMID-F,ZMID-F,ZMID-F
ZMID-U,ZMID-U,ZMID-U,ZMID-U,ZMID-U,ZMID-U,ZMID-U,ZMID-U,ZMID-U,ZMID-U,ZMID-U
ZMMK,ZMMK,ZMMK,ZMMK,ZMMK,ZMMK,ZMMK,ZMMK,ZMMK,ZMMK,ZMMK
ZMP,ZMP,ZMP,,,,,,,,
ZMSB,ZMSB,ZMSB,ZMSB,ZMSB,ZMSB,ZMSB,ZMSB,ZMSB,ZMSB,ZMSB
ZMT,ZMT,ZMT,,,,,,,,
ZMU,ZMU,ZMU,,,,,,,,
ZNQ,ZNQ,ZNQ,,,,,,,,
ZPAY,ZPAY,ZPAY,ZPAY,ZPAY,ZPAY,ZPAY,ZPAY,ZPAY,ZPAY,ZPAY
ZPAY-F,ZPAY-F,ZPAY-F,ZPAY-F,ZPAY-F,ZPAY-F,ZPAY-F,ZPAY-F,ZPAY-F,ZPAY-F,ZPAY-F
ZPAY-U,ZPAY-U,ZPAY-U,ZPAY-U,ZPAY-U,ZPAY-U,ZPAY-U,ZPAY-U,ZPAY-U,ZPAY-U,ZPAY-U
ZPH,ZPH,ZPH,,,,,,,,
ZPL,ZPL,ZPL,,,,,,,,
ZPR,ZPR,ZPR,,,,,,,,
ZPS,ZPS,ZPS,,,,,,,,
ZPS-L,ZPS-L,ZPS-L,ZPS-L,ZPS-L,ZPS-L,ZPS-L,ZPS-L,ZPS-L,ZPS-L,ZPS-L
ZPW,ZPW,ZPW,ZPW,ZPW,ZPW,ZPW,ZPW,ZPW,ZPW,ZPW
ZPW-U,ZPW-U,ZPW-U,ZPW-U,ZPW-U,ZPW-U,ZPW-U,ZPW-U,ZPW-U,ZPW-U,ZPW-U
ZQB,ZQB,ZQB,ZQB,ZQB,ZQB,ZQB,ZQB,ZQB,ZQB,ZQB
ZQQ,ZQQ,ZQQ,,,,,,,,
ZRE,ZRE,ZRE,,,,,,,,
ZRR,ZRR,ZRR,,,,,,,,
ZSB,ZSB,ZSB,ZSB,ZSB,ZSB,ZSB,ZSB,ZSB,ZSB,ZSB
ZSDB,ZSDB,ZSDB,ZSDB,ZSDB,ZSDB,ZSDB,ZSDB,ZSDB,ZSDB,ZSDB
ZSML,ZSML,ZSML,ZSML,ZSML,ZSML,ZSML,ZSML,ZSML,ZSML,ZSML
ZSML-F,ZSML-F,ZSML-F,ZSML-F,ZSML-F,ZSML-F,ZSML-F,ZSML-F,ZSML-F,ZSML-F,ZSML-F
ZSML-U,ZSML-U,ZSML-U,ZSML-U,ZSML-U,ZSML-U,ZSML-U,ZSML-U,ZSML-U,ZSML-U,ZSML-U
ZSP,ZSP,ZSP,ZSP,ZSP,ZSP,ZSP,ZSP,ZSP,ZSP,ZSP
ZSP-U,ZSP-U,ZSP-U,ZSP-U,ZSP-U,ZSP-U,ZSP-U,ZSP-U,ZSP-U,ZSP-U,ZSP-U
ZST,ZST,ZST,,,,,,,,
ZST-L,ZST-L,ZST-L,ZST-L,ZST-L,ZST-L,ZST-L,ZST-L,ZST-L,ZST-L,ZST-L
ZSU,ZSU,ZSU,ZSU,ZSU,ZSU,ZSU,ZSU,ZSU,ZSU,ZSU
ZTIP,ZTIP,ZTIP,ZTIP,ZTIP,ZTIP,ZTIP,ZTIP,ZTIP,ZTIP,ZTIP
ZUB,ZUB,ZUB,ZUB,ZUB,ZUB,ZUB,ZUB,ZUB,ZUB,ZUB
ZUD,ZUD,ZUD,,,,,,,,
ZUE,ZUE,ZUE,,,,,,,,
ZUH,ZUH,ZUH,ZUH,ZUH,ZUH,ZUH,ZUH,ZUH,ZUH,ZUH
ZUP,ZUP,ZUP,,,,,,,,
ZUP-U,ZUP-U,ZUP-U,ZUP-U,ZUP-U,ZUP-U,ZUP-U,ZUP-U,ZUP-U,ZUP-U,ZUP-U
ZUQ,ZUQ,ZUQ,,,,,,,,
ZUQ-F,ZUQ-F,ZUQ-F,ZUQ-F,ZUQ-F,ZUQ-F,ZUQ-F,ZUQ-F,ZUQ-F,ZUQ-F,ZUQ-F
ZUQ-U,ZUQ-U,ZUQ-U,ZUQ-U,ZUQ-U,ZUQ-U,ZUQ-U,ZUQ-U,ZUQ-U,ZUQ-U,ZUQ-U
ZUS-U,ZUS-U,ZUS-U,ZUS-U,ZUS-U,ZUS-U,ZUS-U,ZUS-U,ZUS-U,ZUS-U,ZUS-U
ZUS-V,ZUS-V,ZUS-V,ZUS-V,ZUS-V,ZUS-V,ZUS-V,ZUS-V,ZUS-V,ZUS-V,ZUS-V
ZUT,ZUT,ZUT,ZUT,ZUT,ZUT,ZUT,ZUT,ZUT,ZUT,ZUT
ZVC,ZVC,ZVC,ZVC,ZVC,ZVC,ZVC,ZVC,ZVC,ZVC,ZVC
ZVU,ZVU,ZVU,,,,,,,,
ZWA,ZWA,ZWA,ZWA,ZWA,ZWA,ZWA,ZWA,ZWA,ZWA,ZWA
ZWB,ZWB,ZWB,ZWB,ZWB,ZWB,ZWB,ZWB,ZWB,ZWB,ZWB
ZWC,ZWC,ZWC,ZWC,ZWC,ZWC,ZWC,ZWC,ZWC,ZWC,ZWC
ZWE,ZWE,ZWE,,,,,,,,
ZWG,ZWG,ZWG,ZWG,ZWG,ZWG,ZWG,ZWG,ZWG,ZWG,ZWG
ZWH,ZWH,ZWH,,,,,,,,
ZWH-U,ZWH-U,ZWH-U,ZWH-U,ZWH-U,ZWH-U,ZWH-U,ZWH-U,ZWH-U,ZWH-U,ZWH-U
ZWK,ZWK,ZWK,ZWK,ZWK,ZWK,ZWK,ZWK,ZWK,ZWK,ZWK
ZWP,ZWP,ZWP,ZWP,ZWP,ZWP,ZWP,ZWP,ZWP,ZWP,ZWP
ZWS,ZWS,ZWS,ZWS,ZWS,ZWS,ZWS,ZWS,ZWS,ZWS,ZWS
ZWT,ZWT,ZWT,ZWT,ZWT,ZWT,ZWT,ZWT,ZWT,ZWT,ZWT
ZWU,ZWU,ZWU,ZWU,ZWU,ZWU,ZWU,ZWU,ZWU,ZWU,ZWU
ZXM,ZXM,ZXM,,,,,,,,
ZXM-B,ZXM-B,ZXM-B,ZXM-B,ZXM-B,ZXM-B,ZXM-B,ZXM-B,ZXM-B,ZXM-B,ZXM-B
ZZZ,ZZZ,ZZZ,,,,,,,,
ZZZD,ZZZD,ZZZD,,,,,,,,
